{
  "timestamp": "2026-07-18T11:15:45",
  "git_hash": "369ebef41e018c586ccd1057124457a36999b56e",
  "seed": 17,
  "config": {
    "data": {
      "name": "cora",
      "root": "data",
      "split": "public",
      "labels_per_class": 5,
      "split_seed": 0
    },
    "model": {
      "name": "nemaq",
      "hidden": 64,
      "dropout": 0.5,
      "geometry": "hyperbolic",
      "quantum_mode": "pqc",
      "n_qubits": 4,
      "q_depth": 2,
      "branch_dim": 64,
      "fused_dim": 64,
      "fusion_mode": "residual",
      "curvature": 1.0,
      "learnable_curvature": true,
      "shots": null,
      "angle_norm": "std"
    },
    "train": {
      "lr": 0.01,
      "weight_decay": 0.0005,
      "epochs": 500,
      "patience": 100,
      "aux_weight": 0.3,
      "aux_anneal": true
    },
    "deterministic": true,
    "device": "cuda"
  },
  "env": {
    "python": "3.12.13",
    "torch": "2.11.0+cu128",
    "torch_geometric": "2.8.0",
    "geoopt": "0.5.1",
    "pennylane": "0.45.1",
    "numpy": "2.0.2"
  },
  "metrics": {
    "val_acc": 0.37400001287460327,
    "test_acc": 0.3720000088214874,
    "test_macro_f1": 0.35599039448806163,
    "test_min_class_f1": 0.09523809523809523,
    "epochs_run": 155,
    "param_counts": {
      "total": 216799,
      "branch_geo": 100097,
      "branch_q": 6080,
      "branch_bypass": 95936
    },
    "learned_curvature": 1.0774600505828857
  },
  "telemetry_summary": {
    "geo": {
      "final_grad_var": 3.4489959499506284e-11,
      "min_grad_var": 3.4489959499506284e-11,
      "n_steps": 155
    },
    "q": {
      "final_grad_var": 2.7506584956427105e-06,
      "min_grad_var": 1.8078618779782119e-07,
      "n_steps": 155,
      "min_circuit_grad_var": 8.956843799978742e-08,
      "final_circuit_grad_var": 2.6573708964860998e-05,
      "h3_pass_relative": true,
      "h3_classical_reference_var": 1.7216333914049642e-09
    },
    "bypass": {
      "final_grad_var": 2.587274927634553e-08,
      "min_grad_var": 1.7216333914049642e-09,
      "n_steps": 155
    }
  }
}