{
  "timestamp": "2026-07-17T14:35:40",
  "git_hash": "8552c89899842578cb2b6e69d42600ba803a2bf4",
  "seed": 11,
  "config": {
    "data": {
      "name": "cora",
      "root": "data",
      "split": "public",
      "labels_per_class": 5,
      "split_seed": 0
    },
    "model": {
      "name": "nemaq",
      "hidden": 64,
      "dropout": 0.5,
      "geometry": "euclidean",
      "quantum_mode": "pqc",
      "n_qubits": 4,
      "q_depth": 2,
      "branch_dim": 64,
      "fused_dim": 64,
      "fusion_mode": "residual",
      "curvature": 1.0,
      "learnable_curvature": true,
      "shots": null
    },
    "train": {
      "lr": 0.01,
      "weight_decay": 0.0005,
      "epochs": 500,
      "patience": 100,
      "aux_weight": 0.3,
      "aux_anneal": true
    },
    "deterministic": true,
    "device": "cuda"
  },
  "env": {
    "python": "3.12.13",
    "torch": "2.11.0+cu128",
    "torch_geometric": "2.8.0",
    "geoopt": "0.5.1",
    "pennylane": "0.45.1",
    "numpy": "2.0.2"
  },
  "metrics": {
    "val_acc": 0.6460000276565552,
    "test_acc": 0.6340000033378601,
    "test_macro_f1": 0.6209712598273495,
    "test_min_class_f1": 0.5161290322580645,
    "epochs_run": 131,
    "param_counts": {
      "total": 212638,
      "branch_geo": 95936,
      "branch_q": 6080,
      "branch_bypass": 95936
    }
  },
  "telemetry_summary": {
    "geo": {
      "final_grad_var": 2.0374889331264967e-08,
      "min_grad_var": 3.990053426550233e-11,
      "n_steps": 131
    },
    "q": {
      "final_grad_var": 3.3373331120856164e-07,
      "min_grad_var": 1.959923334737823e-09,
      "n_steps": 131,
      "min_circuit_grad_var": 2.1320079923725643e-08,
      "final_circuit_grad_var": 1.3841457985108718e-05,
      "h3_pass_relative": true,
      "h3_classical_reference_var": 2.697520651295804e-09
    },
    "bypass": {
      "final_grad_var": 2.0205119355409806e-08,
      "min_grad_var": 2.697520651295804e-09,
      "n_steps": 131
    }
  }
}