{
  "h4": {
    "geo": 0.7041265352960028,
    "q": 0.48234497613311583
  },
  "randomization": {
    "spearman_orig_vs_randomized": -0.20180483822862888,
    "passes": true
  }
}