{
  "timestamp": "2026-07-17T13:50:47",
  "git_hash": "8552c89899842578cb2b6e69d42600ba803a2bf4",
  "seed": 15,
  "config": {
    "data": {
      "name": "cora",
      "root": "data",
      "split": "public",
      "labels_per_class": 5,
      "split_seed": 0
    },
    "model": {
      "name": "nemaq",
      "hidden": 64,
      "dropout": 0.5,
      "geometry": "hyperbolic",
      "quantum_mode": "pqc",
      "n_qubits": 4,
      "q_depth": 2,
      "branch_dim": 64,
      "fused_dim": 64,
      "fusion_mode": "residual",
      "curvature": 1.0,
      "learnable_curvature": true,
      "shots": null
    },
    "train": {
      "lr": 0.01,
      "weight_decay": 0.0005,
      "epochs": 500,
      "patience": 100,
      "aux_weight": 0.3,
      "aux_anneal": true
    },
    "deterministic": true,
    "device": "cuda"
  },
  "env": {
    "python": "3.12.13",
    "torch": "2.11.0+cu128",
    "torch_geometric": "2.8.0",
    "geoopt": "0.5.1",
    "pennylane": "0.45.1",
    "numpy": "2.0.2"
  },
  "metrics": {
    "val_acc": 0.7480000257492065,
    "test_acc": 0.7740000486373901,
    "test_macro_f1": 0.764590193732268,
    "test_min_class_f1": 0.6840148698884758,
    "epochs_run": 127,
    "param_counts": {
      "total": 216799,
      "branch_geo": 100097,
      "branch_q": 6080,
      "branch_bypass": 95936
    },
    "learned_curvature": 1.1073315143585205
  },
  "telemetry_summary": {
    "geo": {
      "final_grad_var": 9.815749763220083e-06,
      "min_grad_var": 4.461529479193871e-10,
      "n_steps": 127
    },
    "q": {
      "final_grad_var": 2.6810299459611997e-05,
      "min_grad_var": 1.1330548721488753e-09,
      "n_steps": 127,
      "min_circuit_grad_var": 1.3311129087867357e-08,
      "final_circuit_grad_var": 0.000625950051471591,
      "h3_pass_relative": true,
      "h3_classical_reference_var": 2.3208985844291874e-09
    },
    "bypass": {
      "final_grad_var": 1.6891910490812734e-05,
      "min_grad_var": 2.3208985844291874e-09,
      "n_steps": 127
    }
  }
}