{
  "timestamp": "2026-07-17T15:01:04",
  "git_hash": "8552c89899842578cb2b6e69d42600ba803a2bf4",
  "seed": 11,
  "config": {
    "data": {
      "name": "pubmed",
      "root": "data",
      "split": "public",
      "labels_per_class": 5,
      "split_seed": 0
    },
    "model": {
      "name": "nemaq",
      "hidden": 64,
      "dropout": 0.5,
      "geometry": "euclidean",
      "quantum_mode": "pqc",
      "n_qubits": 4,
      "q_depth": 2,
      "branch_dim": 64,
      "fused_dim": 64,
      "fusion_mode": "residual",
      "curvature": 1.0,
      "learnable_curvature": true,
      "shots": null
    },
    "train": {
      "lr": 0.01,
      "weight_decay": 0.0005,
      "epochs": 500,
      "patience": 100,
      "aux_weight": 0.3,
      "aux_anneal": true
    },
    "deterministic": true,
    "device": "cuda"
  },
  "env": {
    "python": "3.12.13",
    "torch": "2.11.0+cu128",
    "torch_geometric": "2.8.0",
    "geoopt": "0.5.1",
    "pennylane": "0.45.1",
    "numpy": "2.0.2"
  },
  "metrics": {
    "val_acc": 0.6920000314712524,
    "test_acc": 0.6860000491142273,
    "test_macro_f1": 0.6862764843066338,
    "test_min_class_f1": 0.6433770014556041,
    "epochs_run": 127,
    "param_counts": {
      "total": 88442,
      "branch_geo": 36224,
      "branch_q": 2348,
      "branch_bypass": 36224
    }
  },
  "telemetry_summary": {
    "geo": {
      "final_grad_var": 2.447294207286177e-07,
      "min_grad_var": 2.689636569019882e-10,
      "n_steps": 127
    },
    "q": {
      "final_grad_var": 8.225938330497229e-08,
      "min_grad_var": 7.60112506270616e-09,
      "n_steps": 127,
      "min_circuit_grad_var": 1.348157230296465e-08,
      "final_circuit_grad_var": 1.5499845176236704e-06,
      "h3_pass_relative": true,
      "h3_classical_reference_var": 1.025809481802753e-08
    },
    "bypass": {
      "final_grad_var": 1.7271837293719727e-08,
      "min_grad_var": 1.025809481802753e-08,
      "n_steps": 127
    }
  }
}