{
  "timestamp": "2026-07-18T11:11:24",
  "git_hash": "369ebef41e018c586ccd1057124457a36999b56e",
  "seed": 10,
  "config": {
    "data": {
      "name": "cora",
      "root": "data",
      "split": "public",
      "labels_per_class": 5,
      "split_seed": 0
    },
    "model": {
      "name": "nemaq",
      "hidden": 64,
      "dropout": 0.5,
      "geometry": "hyperbolic",
      "quantum_mode": "pqc",
      "n_qubits": 4,
      "q_depth": 2,
      "branch_dim": 64,
      "fused_dim": 64,
      "fusion_mode": "residual",
      "curvature": 1.0,
      "learnable_curvature": true,
      "shots": null,
      "angle_norm": "std"
    },
    "train": {
      "lr": 0.01,
      "weight_decay": 0.0005,
      "epochs": 500,
      "patience": 100,
      "aux_weight": 0.3,
      "aux_anneal": true
    },
    "deterministic": true,
    "device": "cuda"
  },
  "env": {
    "python": "3.12.13",
    "torch": "2.11.0+cu128",
    "torch_geometric": "2.8.0",
    "geoopt": "0.5.1",
    "pennylane": "0.45.1",
    "numpy": "2.0.2"
  },
  "metrics": {
    "val_acc": 0.4220000207424164,
    "test_acc": 0.38100001215934753,
    "test_macro_f1": 0.3848350817651835,
    "test_min_class_f1": 0.11290322580645161,
    "epochs_run": 152,
    "param_counts": {
      "total": 216799,
      "branch_geo": 100097,
      "branch_q": 6080,
      "branch_bypass": 95936
    },
    "learned_curvature": 0.9907782077789307
  },
  "telemetry_summary": {
    "geo": {
      "final_grad_var": 2.0109212073293747e-07,
      "min_grad_var": 5.111452927586413e-10,
      "n_steps": 152
    },
    "q": {
      "final_grad_var": 1.5377482895928551e-06,
      "min_grad_var": 1.8147080993458076e-07,
      "n_steps": 152,
      "min_circuit_grad_var": 4.916183016234754e-08,
      "final_circuit_grad_var": 1.901770133372338e-06,
      "h3_pass_relative": true,
      "h3_classical_reference_var": 2.4256825437163343e-09
    },
    "bypass": {
      "final_grad_var": 9.54713819112385e-09,
      "min_grad_var": 2.4256825437163343e-09,
      "n_steps": 152
    }
  }
}