{
  "h4": {
    "geo": -0.031724533914881115,
    "q": 0.5474014972547242
  },
  "randomization": {
    "spearman_orig_vs_randomized": -0.18542137368593378,
    "passes": true
  }
}