{
  "timestamp": "2026-07-17T14:00:49",
  "git_hash": "8552c89899842578cb2b6e69d42600ba803a2bf4",
  "seed": 19,
  "config": {
    "data": {
      "name": "citeseer",
      "root": "data",
      "split": "public",
      "labels_per_class": 5,
      "split_seed": 0
    },
    "model": {
      "name": "nemaq",
      "hidden": 64,
      "dropout": 0.5,
      "geometry": "hyperbolic",
      "quantum_mode": "pqc",
      "n_qubits": 4,
      "q_depth": 2,
      "branch_dim": 64,
      "fused_dim": 64,
      "fusion_mode": "residual",
      "curvature": 1.0,
      "learnable_curvature": true,
      "shots": null,
      "gate_bias_init": -4.0
    },
    "train": {
      "lr": 0.005,
      "weight_decay": 0.0005,
      "epochs": 500,
      "patience": 100,
      "aux_weight": 2.0,
      "aux_anneal": true
    },
    "deterministic": true,
    "device": "cuda"
  },
  "env": {
    "python": "3.12.13",
    "torch": "2.11.0+cu128",
    "torch_geometric": "2.8.0",
    "geoopt": "0.5.1",
    "pennylane": "0.45.1",
    "numpy": "2.0.2"
  },
  "metrics": {
    "val_acc": 0.6680000424385071,
    "test_acc": 0.6530000567436218,
    "test_macro_f1": 0.5881244518195363,
    "test_min_class_f1": 0.18633540372670807,
    "epochs_run": 115,
    "param_counts": {
      "total": 516179,
      "branch_geo": 245377,
      "branch_q": 15160,
      "branch_bypass": 241216
    },
    "learned_curvature": 1.03676438331604
  },
  "telemetry_summary": {
    "geo": {
      "final_grad_var": 2.317565304110758e-06,
      "min_grad_var": 9.777112452979964e-09,
      "n_steps": 115
    },
    "q": {
      "final_grad_var": 1.9306112264416697e-08,
      "min_grad_var": 4.885158499945419e-09,
      "n_steps": 115,
      "min_circuit_grad_var": 2.834887311564671e-07,
      "final_circuit_grad_var": 4.40605708718067e-06,
      "h3_pass_relative": true,
      "h3_classical_reference_var": 9.777112452979964e-09
    },
    "bypass": {
      "final_grad_var": 9.622259256047982e-08,
      "min_grad_var": 2.294024303850506e-09,
      "n_steps": 115
    }
  }
}