{
  "h4": {
    "geo": 0.5590753030753031,
    "q": 0.4513927393927394
  },
  "randomization": {
    "spearman_orig_vs_randomized": 0.025558488138780037,
    "passes": true
  }
}