{
  "h4": {
    "geo": 0.4977046451977592,
    "q": 0.5142339582339582
  },
  "randomization": {
    "spearman_orig_vs_randomized": 0.20244118484308085,
    "passes": true
  }
}