{
  "timestamp": "2026-07-17T14:09:49",
  "git_hash": "8552c89899842578cb2b6e69d42600ba803a2bf4",
  "seed": 12,
  "config": {
    "data": {
      "name": "pubmed",
      "root": "data",
      "split": "public",
      "labels_per_class": 5,
      "split_seed": 0
    },
    "model": {
      "name": "nemaq",
      "hidden": 64,
      "dropout": 0.5,
      "geometry": "hyperbolic",
      "quantum_mode": "pqc",
      "n_qubits": 4,
      "q_depth": 2,
      "branch_dim": 64,
      "fused_dim": 64,
      "fusion_mode": "residual",
      "curvature": 1.0,
      "learnable_curvature": true,
      "shots": null
    },
    "train": {
      "lr": 0.01,
      "weight_decay": 0.0005,
      "epochs": 500,
      "patience": 100,
      "aux_weight": 0.3,
      "aux_anneal": true
    },
    "deterministic": true,
    "device": "cuda"
  },
  "env": {
    "python": "3.12.13",
    "torch": "2.11.0+cu128",
    "torch_geometric": "2.8.0",
    "geoopt": "0.5.1",
    "pennylane": "0.45.1",
    "numpy": "2.0.2"
  },
  "metrics": {
    "val_acc": 0.8160000443458557,
    "test_acc": 0.7800000309944153,
    "test_macro_f1": 0.7749162562640901,
    "test_min_class_f1": 0.7542857142857143,
    "epochs_run": 303,
    "param_counts": {
      "total": 92603,
      "branch_geo": 40385,
      "branch_q": 2348,
      "branch_bypass": 36224
    },
    "learned_curvature": 1.060868740081787
  },
  "telemetry_summary": {
    "geo": {
      "final_grad_var": 1.6967952376489848e-08,
      "min_grad_var": 8.255173766791302e-10,
      "n_steps": 303
    },
    "q": {
      "final_grad_var": 0.00029412584262900054,
      "min_grad_var": 7.374292732009735e-09,
      "n_steps": 303,
      "min_circuit_grad_var": 2.641091789712391e-08,
      "final_circuit_grad_var": 0.0027681125793606043,
      "h3_pass_relative": true,
      "h3_classical_reference_var": 4.955443166920759e-09
    },
    "bypass": {
      "final_grad_var": 3.0781302484683692e-06,
      "min_grad_var": 4.955443166920759e-09,
      "n_steps": 303
    }
  }
}