{
  "timestamp": "2026-07-18T11:10:11",
  "git_hash": "369ebef41e018c586ccd1057124457a36999b56e",
  "seed": 15,
  "config": {
    "data": {
      "name": "pubmed",
      "root": "data",
      "split": "low_label",
      "labels_per_class": 5,
      "split_seed": 0
    },
    "model": {
      "name": "nemaq",
      "hidden": 64,
      "dropout": 0.5,
      "geometry": "hyperbolic",
      "quantum_mode": "surrogate",
      "n_qubits": 4,
      "q_depth": 2,
      "branch_dim": 64,
      "fused_dim": 64,
      "fusion_mode": "residual",
      "curvature": 1.0,
      "learnable_curvature": true,
      "shots": null
    },
    "train": {
      "lr": 0.01,
      "weight_decay": 0.0005,
      "epochs": 500,
      "patience": 100,
      "aux_weight": 0.3,
      "aux_anneal": true
    },
    "deterministic": true,
    "device": "cuda"
  },
  "env": {
    "python": "3.12.13",
    "torch": "2.11.0+cu128",
    "torch_geometric": "2.8.0",
    "geoopt": "0.5.1",
    "pennylane": "0.45.1",
    "numpy": "2.0.2"
  },
  "metrics": {
    "val_acc": 0.7800000309944153,
    "test_acc": 0.7570000290870667,
    "test_macro_f1": 0.7484232501462437,
    "test_min_class_f1": 0.7039106145251397,
    "epochs_run": 196,
    "param_counts": {
      "total": 92601,
      "branch_geo": 40385,
      "branch_q": 2346,
      "branch_bypass": 36224
    },
    "learned_curvature": 0.98324054479599
  },
  "telemetry_summary": {
    "geo": {
      "final_grad_var": 0.002258929191157222,
      "min_grad_var": 1.4949473603476093e-10,
      "n_steps": 196
    },
    "q": {
      "final_grad_var": 0.00023775956651661545,
      "min_grad_var": 3.4112315194789744e-09,
      "n_steps": 196
    },
    "bypass": {
      "final_grad_var": 0.0015519801527261734,
      "min_grad_var": 2.650391461855861e-09,
      "n_steps": 196
    }
  }
}