{
  "h4": {
    "geo": 0.4779005916353988,
    "q": 0.5332300264170132
  },
  "randomization": {
    "spearman_orig_vs_randomized": -0.04906665356658968,
    "passes": true
  }
}