{
  "timestamp": "2026-07-17T13:48:45",
  "git_hash": "8552c89899842578cb2b6e69d42600ba803a2bf4",
  "seed": 10,
  "config": {
    "data": {
      "name": "cora",
      "root": "data",
      "split": "public",
      "labels_per_class": 5,
      "split_seed": 0
    },
    "model": {
      "name": "nemaq",
      "hidden": 64,
      "dropout": 0.5,
      "geometry": "hyperbolic",
      "quantum_mode": "pqc",
      "n_qubits": 4,
      "q_depth": 2,
      "branch_dim": 64,
      "fused_dim": 64,
      "fusion_mode": "residual",
      "curvature": 1.0,
      "learnable_curvature": true,
      "shots": null
    },
    "train": {
      "lr": 0.01,
      "weight_decay": 0.0005,
      "epochs": 500,
      "patience": 100,
      "aux_weight": 0.3,
      "aux_anneal": true
    },
    "deterministic": true,
    "device": "cuda"
  },
  "env": {
    "python": "3.12.13",
    "torch": "2.11.0+cu128",
    "torch_geometric": "2.8.0",
    "geoopt": "0.5.1",
    "pennylane": "0.45.1",
    "numpy": "2.0.2"
  },
  "metrics": {
    "val_acc": 0.6420000195503235,
    "test_acc": 0.6060000061988831,
    "test_macro_f1": 0.5834913939611625,
    "test_min_class_f1": 0.2711864406779661,
    "epochs_run": 197,
    "param_counts": {
      "total": 216799,
      "branch_geo": 100097,
      "branch_q": 6080,
      "branch_bypass": 95936
    },
    "learned_curvature": 0.7195616960525513
  },
  "telemetry_summary": {
    "geo": {
      "final_grad_var": 9.6152307378361e-06,
      "min_grad_var": 2.8734356560811136e-10,
      "n_steps": 197
    },
    "q": {
      "final_grad_var": 3.375225787749514e-05,
      "min_grad_var": 2.544914279312138e-09,
      "n_steps": 197,
      "min_circuit_grad_var": 7.54810880465584e-09,
      "final_circuit_grad_var": 0.0007529892027378082,
      "h3_pass_relative": true,
      "h3_classical_reference_var": 2.4040338608699585e-09
    },
    "bypass": {
      "final_grad_var": 2.591440591004357e-07,
      "min_grad_var": 2.4040338608699585e-09,
      "n_steps": 197
    }
  }
}