{
  "h4": {
    "geo": 0.6231992965472859,
    "q": -0.16834500489032003
  },
  "randomization": {
    "spearman_orig_vs_randomized": 0.2705812456431487,
    "passes": true
  }
}