{
  "timestamp": "2026-07-17T13:52:04",
  "git_hash": "8552c89899842578cb2b6e69d42600ba803a2bf4",
  "seed": 16,
  "config": {
    "data": {
      "name": "cora",
      "root": "data",
      "split": "public",
      "labels_per_class": 5,
      "split_seed": 0
    },
    "model": {
      "name": "nemaq",
      "hidden": 64,
      "dropout": 0.5,
      "geometry": "hyperbolic",
      "quantum_mode": "pqc",
      "n_qubits": 4,
      "q_depth": 2,
      "branch_dim": 64,
      "fused_dim": 64,
      "fusion_mode": "residual",
      "curvature": 1.0,
      "learnable_curvature": true,
      "shots": null
    },
    "train": {
      "lr": 0.01,
      "weight_decay": 0.0005,
      "epochs": 500,
      "patience": 100,
      "aux_weight": 0.3,
      "aux_anneal": true
    },
    "deterministic": true,
    "device": "cuda"
  },
  "env": {
    "python": "3.12.13",
    "torch": "2.11.0+cu128",
    "torch_geometric": "2.8.0",
    "geoopt": "0.5.1",
    "pennylane": "0.45.1",
    "numpy": "2.0.2"
  },
  "metrics": {
    "val_acc": 0.7020000219345093,
    "test_acc": 0.7020000219345093,
    "test_macro_f1": 0.6759270631292218,
    "test_min_class_f1": 0.5569620253164557,
    "epochs_run": 479,
    "param_counts": {
      "total": 216799,
      "branch_geo": 100097,
      "branch_q": 6080,
      "branch_bypass": 95936
    },
    "learned_curvature": 0.6259595155715942
  },
  "telemetry_summary": {
    "geo": {
      "final_grad_var": 1.265679921980123e-10,
      "min_grad_var": 9.162092612369221e-11,
      "n_steps": 479
    },
    "q": {
      "final_grad_var": 3.2471017874513564e-08,
      "min_grad_var": 2.4954740496241357e-09,
      "n_steps": 479,
      "min_circuit_grad_var": 3.8122390577655096e-08,
      "final_circuit_grad_var": 7.490376106034091e-07,
      "h3_pass_relative": true,
      "h3_classical_reference_var": 9.162092612369221e-11
    },
    "bypass": {
      "final_grad_var": 3.557050487490443e-11,
      "min_grad_var": 1.2046948508204203e-11,
      "n_steps": 479
    }
  }
}