{
  "timestamp": "2026-07-18T10:57:02",
  "git_hash": "369ebef41e018c586ccd1057124457a36999b56e",
  "seed": 13,
  "config": {
    "data": {
      "name": "pubmed",
      "root": "data",
      "split": "low_label",
      "labels_per_class": 5,
      "split_seed": 0
    },
    "model": {
      "name": "nemaq",
      "hidden": 64,
      "dropout": 0.5,
      "geometry": "hyperbolic",
      "quantum_mode": "pqc",
      "n_qubits": 4,
      "q_depth": 2,
      "branch_dim": 64,
      "fused_dim": 64,
      "fusion_mode": "residual",
      "curvature": 1.0,
      "learnable_curvature": true,
      "shots": null
    },
    "train": {
      "lr": 0.01,
      "weight_decay": 0.0005,
      "epochs": 500,
      "patience": 100,
      "aux_weight": 0.3,
      "aux_anneal": true
    },
    "deterministic": true,
    "device": "cuda"
  },
  "env": {
    "python": "3.12.13",
    "torch": "2.11.0+cu128",
    "torch_geometric": "2.8.0",
    "geoopt": "0.5.1",
    "pennylane": "0.45.1",
    "numpy": "2.0.2"
  },
  "metrics": {
    "val_acc": 0.7700000405311584,
    "test_acc": 0.7390000224113464,
    "test_macro_f1": 0.7397623346643863,
    "test_min_class_f1": 0.6989528795811518,
    "epochs_run": 125,
    "param_counts": {
      "total": 92603,
      "branch_geo": 40385,
      "branch_q": 2348,
      "branch_bypass": 36224
    },
    "learned_curvature": 1.0604561567306519
  },
  "telemetry_summary": {
    "geo": {
      "final_grad_var": 3.926353201677557e-06,
      "min_grad_var": 1.9151087660151944e-10,
      "n_steps": 125
    },
    "q": {
      "final_grad_var": 2.051468328545525e-08,
      "min_grad_var": 8.31652613442202e-09,
      "n_steps": 125,
      "min_circuit_grad_var": 3.068770482173022e-08,
      "final_circuit_grad_var": 7.528519176958071e-07,
      "h3_pass_relative": true,
      "h3_classical_reference_var": 3.544767146479444e-09
    },
    "bypass": {
      "final_grad_var": 5.602670682947064e-08,
      "min_grad_var": 3.544767146479444e-09,
      "n_steps": 125
    }
  }
}