{
  "timestamp": "2026-07-17T14:48:27",
  "git_hash": "8552c89899842578cb2b6e69d42600ba803a2bf4",
  "seed": 17,
  "config": {
    "data": {
      "name": "cora",
      "root": "data",
      "split": "public",
      "labels_per_class": 5,
      "split_seed": 0
    },
    "model": {
      "name": "nemaq",
      "hidden": 64,
      "dropout": 0.5,
      "geometry": "hyperbolic",
      "quantum_mode": "pqc",
      "n_qubits": 4,
      "q_depth": 2,
      "branch_dim": 64,
      "fused_dim": 64,
      "fusion_mode": "softmax",
      "curvature": 1.0,
      "learnable_curvature": true,
      "shots": null
    },
    "train": {
      "lr": 0.01,
      "weight_decay": 0.0005,
      "epochs": 500,
      "patience": 100,
      "aux_weight": 0.3,
      "aux_anneal": true
    },
    "deterministic": true,
    "device": "cuda"
  },
  "env": {
    "python": "3.12.13",
    "torch": "2.11.0+cu128",
    "torch_geometric": "2.8.0",
    "geoopt": "0.5.1",
    "pennylane": "0.45.1",
    "numpy": "2.0.2"
  },
  "metrics": {
    "val_acc": 0.7500000596046448,
    "test_acc": 0.7660000324249268,
    "test_macro_f1": 0.755279901675386,
    "test_min_class_f1": 0.6319702602230484,
    "epochs_run": 173,
    "param_counts": {
      "total": 216992,
      "branch_geo": 100097,
      "branch_q": 6080,
      "branch_bypass": 95936
    },
    "learned_curvature": 0.8618131875991821
  },
  "telemetry_summary": {
    "geo": {
      "final_grad_var": 3.467258125056105e-07,
      "min_grad_var": 1.4054889474479637e-09,
      "n_steps": 173
    },
    "q": {
      "final_grad_var": 4.1120241434100535e-08,
      "min_grad_var": 2.0612256346197455e-09,
      "n_steps": 173,
      "min_circuit_grad_var": 1.3578371316214088e-08,
      "final_circuit_grad_var": 1.549803755551693e-06,
      "h3_pass_relative": true,
      "h3_classical_reference_var": 1.4054889474479637e-09
    },
    "bypass": {
      "final_grad_var": 3.206235277275482e-08,
      "min_grad_var": 3.785567692649039e-10,
      "n_steps": 173
    }
  }
}