{
  "timestamp": "2026-07-17T14:37:43",
  "git_hash": "8552c89899842578cb2b6e69d42600ba803a2bf4",
  "seed": 18,
  "config": {
    "data": {
      "name": "cora",
      "root": "data",
      "split": "public",
      "labels_per_class": 5,
      "split_seed": 0
    },
    "model": {
      "name": "nemaq",
      "hidden": 64,
      "dropout": 0.5,
      "geometry": "euclidean",
      "quantum_mode": "pqc",
      "n_qubits": 4,
      "q_depth": 2,
      "branch_dim": 64,
      "fused_dim": 64,
      "fusion_mode": "residual",
      "curvature": 1.0,
      "learnable_curvature": true,
      "shots": null
    },
    "train": {
      "lr": 0.01,
      "weight_decay": 0.0005,
      "epochs": 500,
      "patience": 100,
      "aux_weight": 0.3,
      "aux_anneal": true
    },
    "deterministic": true,
    "device": "cuda"
  },
  "env": {
    "python": "3.12.13",
    "torch": "2.11.0+cu128",
    "torch_geometric": "2.8.0",
    "geoopt": "0.5.1",
    "pennylane": "0.45.1",
    "numpy": "2.0.2"
  },
  "metrics": {
    "val_acc": 0.6680000424385071,
    "test_acc": 0.6620000600814819,
    "test_macro_f1": 0.6635872455128258,
    "test_min_class_f1": 0.5159420289855072,
    "epochs_run": 124,
    "param_counts": {
      "total": 212638,
      "branch_geo": 95936,
      "branch_q": 6080,
      "branch_bypass": 95936
    }
  },
  "telemetry_summary": {
    "geo": {
      "final_grad_var": 9.377183829428759e-08,
      "min_grad_var": 2.4820846766804294e-11,
      "n_steps": 124
    },
    "q": {
      "final_grad_var": 5.958952087325997e-08,
      "min_grad_var": 9.159190073049217e-10,
      "n_steps": 124,
      "min_circuit_grad_var": 3.553602523354016e-09,
      "final_circuit_grad_var": 5.145708655618364e-06,
      "h3_pass_relative": true,
      "h3_classical_reference_var": 1.6416061843216312e-09
    },
    "bypass": {
      "final_grad_var": 1.013767843005553e-07,
      "min_grad_var": 1.6416061843216312e-09,
      "n_steps": 124
    }
  }
}