{
  "timestamp": "2026-07-17T13:49:40",
  "git_hash": "8552c89899842578cb2b6e69d42600ba803a2bf4",
  "seed": 12,
  "config": {
    "data": {
      "name": "cora",
      "root": "data",
      "split": "public",
      "labels_per_class": 5,
      "split_seed": 0
    },
    "model": {
      "name": "nemaq",
      "hidden": 64,
      "dropout": 0.5,
      "geometry": "hyperbolic",
      "quantum_mode": "pqc",
      "n_qubits": 4,
      "q_depth": 2,
      "branch_dim": 64,
      "fused_dim": 64,
      "fusion_mode": "residual",
      "curvature": 1.0,
      "learnable_curvature": true,
      "shots": null
    },
    "train": {
      "lr": 0.01,
      "weight_decay": 0.0005,
      "epochs": 500,
      "patience": 100,
      "aux_weight": 0.3,
      "aux_anneal": true
    },
    "deterministic": true,
    "device": "cuda"
  },
  "env": {
    "python": "3.12.13",
    "torch": "2.11.0+cu128",
    "torch_geometric": "2.8.0",
    "geoopt": "0.5.1",
    "pennylane": "0.45.1",
    "numpy": "2.0.2"
  },
  "metrics": {
    "val_acc": 0.718000054359436,
    "test_acc": 0.7270000576972961,
    "test_macro_f1": 0.7019777840697066,
    "test_min_class_f1": 0.578125,
    "epochs_run": 208,
    "param_counts": {
      "total": 216799,
      "branch_geo": 100097,
      "branch_q": 6080,
      "branch_bypass": 95936
    },
    "learned_curvature": 0.6916685104370117
  },
  "telemetry_summary": {
    "geo": {
      "final_grad_var": 1.7465558812546078e-06,
      "min_grad_var": 3.336636800188586e-10,
      "n_steps": 208
    },
    "q": {
      "final_grad_var": 1.1833198243493825e-07,
      "min_grad_var": 5.991707130448276e-10,
      "n_steps": 208,
      "min_circuit_grad_var": 3.6676928161227806e-09,
      "final_circuit_grad_var": 3.306889766463428e-06,
      "h3_pass_relative": true,
      "h3_classical_reference_var": 2.451276515103018e-09
    },
    "bypass": {
      "final_grad_var": 5.528062008153256e-09,
      "min_grad_var": 2.451276515103018e-09,
      "n_steps": 208
    }
  }
}