{
  "h4": {
    "geo": 0.27078025440493597,
    "q": 0.7230940934326581
  },
  "randomization": {
    "spearman_orig_vs_randomized": 0.07588504704409353,
    "passes": true
  }
}