{
  "timestamp": "2026-07-17T13:59:20",
  "git_hash": "8552c89899842578cb2b6e69d42600ba803a2bf4",
  "seed": 16,
  "config": {
    "data": {
      "name": "citeseer",
      "root": "data",
      "split": "public",
      "labels_per_class": 5,
      "split_seed": 0
    },
    "model": {
      "name": "nemaq",
      "hidden": 64,
      "dropout": 0.5,
      "geometry": "hyperbolic",
      "quantum_mode": "pqc",
      "n_qubits": 4,
      "q_depth": 2,
      "branch_dim": 64,
      "fused_dim": 64,
      "fusion_mode": "residual",
      "curvature": 1.0,
      "learnable_curvature": true,
      "shots": null,
      "gate_bias_init": -4.0
    },
    "train": {
      "lr": 0.005,
      "weight_decay": 0.0005,
      "epochs": 500,
      "patience": 100,
      "aux_weight": 2.0,
      "aux_anneal": true
    },
    "deterministic": true,
    "device": "cuda"
  },
  "env": {
    "python": "3.12.13",
    "torch": "2.11.0+cu128",
    "torch_geometric": "2.8.0",
    "geoopt": "0.5.1",
    "pennylane": "0.45.1",
    "numpy": "2.0.2"
  },
  "metrics": {
    "val_acc": 0.6540000438690186,
    "test_acc": 0.6310000419616699,
    "test_macro_f1": 0.6002610214583756,
    "test_min_class_f1": 0.28421052631578947,
    "epochs_run": 129,
    "param_counts": {
      "total": 516179,
      "branch_geo": 245377,
      "branch_q": 15160,
      "branch_bypass": 241216
    },
    "learned_curvature": 1.0610321760177612
  },
  "telemetry_summary": {
    "geo": {
      "final_grad_var": 4.819062837668753e-07,
      "min_grad_var": 6.369043958898146e-09,
      "n_steps": 129
    },
    "q": {
      "final_grad_var": 2.462966222083196e-07,
      "min_grad_var": 8.157068798197997e-09,
      "n_steps": 129,
      "min_circuit_grad_var": 1.3279093025175825e-07,
      "final_circuit_grad_var": 1.248255284735933e-05,
      "h3_pass_relative": true,
      "h3_classical_reference_var": 6.369043958898146e-09
    },
    "bypass": {
      "final_grad_var": 2.648778547609254e-07,
      "min_grad_var": 3.163200590350357e-09,
      "n_steps": 129
    }
  }
}