{
  "timestamp": "2026-07-18T11:16:27",
  "git_hash": "369ebef41e018c586ccd1057124457a36999b56e",
  "seed": 19,
  "config": {
    "data": {
      "name": "cora",
      "root": "data",
      "split": "public",
      "labels_per_class": 5,
      "split_seed": 0
    },
    "model": {
      "name": "nemaq",
      "hidden": 64,
      "dropout": 0.5,
      "geometry": "hyperbolic",
      "quantum_mode": "pqc",
      "n_qubits": 4,
      "q_depth": 2,
      "branch_dim": 64,
      "fused_dim": 64,
      "fusion_mode": "residual",
      "curvature": 1.0,
      "learnable_curvature": true,
      "shots": null,
      "angle_norm": "std"
    },
    "train": {
      "lr": 0.01,
      "weight_decay": 0.0005,
      "epochs": 500,
      "patience": 100,
      "aux_weight": 0.3,
      "aux_anneal": true
    },
    "deterministic": true,
    "device": "cuda"
  },
  "env": {
    "python": "3.12.13",
    "torch": "2.11.0+cu128",
    "torch_geometric": "2.8.0",
    "geoopt": "0.5.1",
    "pennylane": "0.45.1",
    "numpy": "2.0.2"
  },
  "metrics": {
    "val_acc": 0.2880000174045563,
    "test_acc": 0.289000004529953,
    "test_macro_f1": 0.2855397839147091,
    "test_min_class_f1": 0.26595744680851063,
    "epochs_run": 133,
    "param_counts": {
      "total": 216799,
      "branch_geo": 100097,
      "branch_q": 6080,
      "branch_bypass": 95936
    },
    "learned_curvature": 1.028247594833374
  },
  "telemetry_summary": {
    "geo": {
      "final_grad_var": 5.951675263737854e-11,
      "min_grad_var": 3.700584630395021e-11,
      "n_steps": 133
    },
    "q": {
      "final_grad_var": 1.679873207649507e-06,
      "min_grad_var": 1.8831674708508217e-07,
      "n_steps": 133,
      "min_circuit_grad_var": 1.9986623911449897e-08,
      "final_circuit_grad_var": 1.2423261068761349e-06,
      "h3_pass_relative": true,
      "h3_classical_reference_var": 1.4719948593366894e-09
    },
    "bypass": {
      "final_grad_var": 1.9093695513561215e-08,
      "min_grad_var": 1.4719948593366894e-09,
      "n_steps": 133
    }
  }
}