{
  "h4": {
    "geo": -0.03255744285045984,
    "q": 0.50482466185361
  },
  "randomization": {
    "spearman_orig_vs_randomized": 0.0872840827302885,
    "passes": true
  }
}