{
  "timestamp": "2026-07-17T14:44:00",
  "git_hash": "8552c89899842578cb2b6e69d42600ba803a2bf4",
  "seed": 13,
  "config": {
    "data": {
      "name": "cora",
      "root": "data",
      "split": "public",
      "labels_per_class": 5,
      "split_seed": 0
    },
    "model": {
      "name": "nemaq",
      "hidden": 64,
      "dropout": 0.5,
      "geometry": "hyperbolic",
      "quantum_mode": "surrogate",
      "n_qubits": 4,
      "q_depth": 2,
      "branch_dim": 64,
      "fused_dim": 64,
      "fusion_mode": "residual",
      "curvature": 1.0,
      "learnable_curvature": true,
      "shots": null
    },
    "train": {
      "lr": 0.01,
      "weight_decay": 0.0005,
      "epochs": 500,
      "patience": 100,
      "aux_weight": 0.3,
      "aux_anneal": true
    },
    "deterministic": true,
    "device": "cuda"
  },
  "env": {
    "python": "3.12.13",
    "torch": "2.11.0+cu128",
    "torch_geometric": "2.8.0",
    "geoopt": "0.5.1",
    "pennylane": "0.45.1",
    "numpy": "2.0.2"
  },
  "metrics": {
    "val_acc": 0.7600000500679016,
    "test_acc": 0.7720000147819519,
    "test_macro_f1": 0.7552341592469309,
    "test_min_class_f1": 0.6616541353383458,
    "epochs_run": 131,
    "param_counts": {
      "total": 216797,
      "branch_geo": 100097,
      "branch_q": 6078,
      "branch_bypass": 95936
    },
    "learned_curvature": 1.1540498733520508
  },
  "telemetry_summary": {
    "geo": {
      "final_grad_var": 1.558057192596607e-06,
      "min_grad_var": 3.0278721196985714e-10,
      "n_steps": 131
    },
    "q": {
      "final_grad_var": 1.274936352047007e-07,
      "min_grad_var": 9.669127720712822e-10,
      "n_steps": 131
    },
    "bypass": {
      "final_grad_var": 1.1367106367288216e-08,
      "min_grad_var": 2.5940773973331943e-09,
      "n_steps": 131
    }
  }
}