{
  "timestamp": "2026-07-18T10:55:59",
  "git_hash": "369ebef41e018c586ccd1057124457a36999b56e",
  "seed": 12,
  "config": {
    "data": {
      "name": "pubmed",
      "root": "data",
      "split": "low_label",
      "labels_per_class": 5,
      "split_seed": 0
    },
    "model": {
      "name": "nemaq",
      "hidden": 64,
      "dropout": 0.5,
      "geometry": "hyperbolic",
      "quantum_mode": "pqc",
      "n_qubits": 4,
      "q_depth": 2,
      "branch_dim": 64,
      "fused_dim": 64,
      "fusion_mode": "residual",
      "curvature": 1.0,
      "learnable_curvature": true,
      "shots": null
    },
    "train": {
      "lr": 0.01,
      "weight_decay": 0.0005,
      "epochs": 500,
      "patience": 100,
      "aux_weight": 0.3,
      "aux_anneal": true
    },
    "deterministic": true,
    "device": "cuda"
  },
  "env": {
    "python": "3.12.13",
    "torch": "2.11.0+cu128",
    "torch_geometric": "2.8.0",
    "geoopt": "0.5.1",
    "pennylane": "0.45.1",
    "numpy": "2.0.2"
  },
  "metrics": {
    "val_acc": 0.7740000486373901,
    "test_acc": 0.7280000448226929,
    "test_macro_f1": 0.7248537917050794,
    "test_min_class_f1": 0.6956521739130435,
    "epochs_run": 132,
    "param_counts": {
      "total": 92603,
      "branch_geo": 40385,
      "branch_q": 2348,
      "branch_bypass": 36224
    },
    "learned_curvature": 1.0720096826553345
  },
  "telemetry_summary": {
    "geo": {
      "final_grad_var": 7.206191643405191e-09,
      "min_grad_var": 4.699185832124364e-11,
      "n_steps": 132
    },
    "q": {
      "final_grad_var": 1.230809498764529e-08,
      "min_grad_var": 7.2754229307747664e-09,
      "n_steps": 132,
      "min_circuit_grad_var": 2.5008478843346893e-08,
      "final_circuit_grad_var": 2.856043579413381e-07,
      "h3_pass_relative": true,
      "h3_classical_reference_var": 6.018663789575385e-09
    },
    "bypass": {
      "final_grad_var": 1.6965111981903647e-08,
      "min_grad_var": 6.018663789575385e-09,
      "n_steps": 132
    }
  }
}