{
  "h4": {
    "geo": 0.19950093226119986,
    "q": 0.18817506965527056
  },
  "randomization": {
    "spearman_orig_vs_randomized": 0.7377165766258704,
    "passes": false
  }
}