{
  "timestamp": "2026-07-17T15:10:05",
  "git_hash": "8552c89899842578cb2b6e69d42600ba803a2bf4",
  "seed": 19,
  "config": {
    "data": {
      "name": "pubmed",
      "root": "data",
      "split": "public",
      "labels_per_class": 5,
      "split_seed": 0
    },
    "model": {
      "name": "nemaq",
      "hidden": 64,
      "dropout": 0.5,
      "geometry": "euclidean",
      "quantum_mode": "pqc",
      "n_qubits": 4,
      "q_depth": 2,
      "branch_dim": 64,
      "fused_dim": 64,
      "fusion_mode": "residual",
      "curvature": 1.0,
      "learnable_curvature": true,
      "shots": null
    },
    "train": {
      "lr": 0.01,
      "weight_decay": 0.0005,
      "epochs": 500,
      "patience": 100,
      "aux_weight": 0.3,
      "aux_anneal": true
    },
    "deterministic": true,
    "device": "cuda"
  },
  "env": {
    "python": "3.12.13",
    "torch": "2.11.0+cu128",
    "torch_geometric": "2.8.0",
    "geoopt": "0.5.1",
    "pennylane": "0.45.1",
    "numpy": "2.0.2"
  },
  "metrics": {
    "val_acc": 0.800000011920929,
    "test_acc": 0.7750000357627869,
    "test_macro_f1": 0.7762915261561519,
    "test_min_class_f1": 0.7476882430647291,
    "epochs_run": 164,
    "param_counts": {
      "total": 88442,
      "branch_geo": 36224,
      "branch_q": 2348,
      "branch_bypass": 36224
    }
  },
  "telemetry_summary": {
    "geo": {
      "final_grad_var": 4.2281691037260316e-08,
      "min_grad_var": 2.855350400565726e-10,
      "n_steps": 164
    },
    "q": {
      "final_grad_var": 3.9435992249536866e-08,
      "min_grad_var": 1.6067789321283499e-09,
      "n_steps": 164,
      "min_circuit_grad_var": 5.118943935400466e-09,
      "final_circuit_grad_var": 9.214203942065069e-07,
      "h3_pass_relative": true,
      "h3_classical_reference_var": 8.919833760501206e-09
    },
    "bypass": {
      "final_grad_var": 8.919833760501206e-09,
      "min_grad_var": 8.919833760501206e-09,
      "n_steps": 164
    }
  }
}