{
  "h4": {
    "geo": 0.4282872768570006,
    "q": 0.7103147148384914
  },
  "randomization": {
    "spearman_orig_vs_randomized": -0.14511227371625032,
    "passes": true
  }
}