{
  "timestamp": "2026-07-17T13:57:26",
  "git_hash": "8552c89899842578cb2b6e69d42600ba803a2bf4",
  "seed": 11,
  "config": {
    "data": {
      "name": "citeseer",
      "root": "data",
      "split": "public",
      "labels_per_class": 5,
      "split_seed": 0
    },
    "model": {
      "name": "nemaq",
      "hidden": 64,
      "dropout": 0.5,
      "geometry": "hyperbolic",
      "quantum_mode": "pqc",
      "n_qubits": 4,
      "q_depth": 2,
      "branch_dim": 64,
      "fused_dim": 64,
      "fusion_mode": "residual",
      "curvature": 1.0,
      "learnable_curvature": true,
      "shots": null,
      "gate_bias_init": -4.0
    },
    "train": {
      "lr": 0.005,
      "weight_decay": 0.0005,
      "epochs": 500,
      "patience": 100,
      "aux_weight": 2.0,
      "aux_anneal": true
    },
    "deterministic": true,
    "device": "cuda"
  },
  "env": {
    "python": "3.12.13",
    "torch": "2.11.0+cu128",
    "torch_geometric": "2.8.0",
    "geoopt": "0.5.1",
    "pennylane": "0.45.1",
    "numpy": "2.0.2"
  },
  "metrics": {
    "val_acc": 0.6460000276565552,
    "test_acc": 0.6500000357627869,
    "test_macro_f1": 0.6166246457937649,
    "test_min_class_f1": 0.28735632183908044,
    "epochs_run": 118,
    "param_counts": {
      "total": 516179,
      "branch_geo": 245377,
      "branch_q": 15160,
      "branch_bypass": 241216
    },
    "learned_curvature": 1.0463262796401978
  },
  "telemetry_summary": {
    "geo": {
      "final_grad_var": 4.367762471702008e-07,
      "min_grad_var": 1.010194772277373e-08,
      "n_steps": 118
    },
    "q": {
      "final_grad_var": 7.748394637019373e-08,
      "min_grad_var": 5.8801661317886555e-09,
      "n_steps": 118,
      "min_circuit_grad_var": 1.7309632482920279e-07,
      "final_circuit_grad_var": 3.2510270102648064e-05,
      "h3_pass_relative": true,
      "h3_classical_reference_var": 1.010194772277373e-08
    },
    "bypass": {
      "final_grad_var": 5.1128836275893264e-08,
      "min_grad_var": 1.6884443843068198e-09,
      "n_steps": 118
    }
  }
}