{
  "timestamp": "2026-07-17T15:29:50",
  "git_hash": "8552c89899842578cb2b6e69d42600ba803a2bf4",
  "seed": 17,
  "config": {
    "data": {
      "name": "disease",
      "root": "data",
      "split": "ratio",
      "labels_per_class": 5,
      "split_seed": 0
    },
    "model": {
      "name": "nemaq",
      "hidden": 64,
      "dropout": 0.5,
      "geometry": "euclidean",
      "quantum_mode": "pqc",
      "n_qubits": 4,
      "q_depth": 2,
      "branch_dim": 64,
      "fused_dim": 64,
      "fusion_mode": "residual",
      "curvature": 1.0,
      "learnable_curvature": true,
      "shots": null,
      "gate_bias_init": -2.0
    },
    "train": {
      "lr": 0.05,
      "weight_decay": 0.0005,
      "epochs": 500,
      "patience": 200,
      "aux_weight": 0.3,
      "aux_anneal": true
    },
    "deterministic": true,
    "device": "cuda"
  },
  "env": {
    "python": "3.12.13",
    "torch": "2.11.0+cu128",
    "torch_geometric": "2.8.0",
    "geoopt": "0.5.1",
    "pennylane": "0.45.1",
    "numpy": "2.0.2"
  },
  "metrics": {
    "val_acc": 0.942307710647583,
    "test_acc": 0.9106857776641846,
    "test_macro_f1": 0.8456479690522244,
    "test_min_class_f1": 0.7454545454545455,
    "epochs_run": 234,
    "param_counts": {
      "total": 154182,
      "branch_geo": 68224,
      "branch_q": 4348,
      "branch_bypass": 68224
    }
  },
  "telemetry_summary": {
    "geo": {
      "final_grad_var": 9.157619459835079e-14,
      "min_grad_var": 1.9503295717115217e-15,
      "n_steps": 234
    },
    "q": {
      "final_grad_var": 1.1720957537875165e-08,
      "min_grad_var": 6.218169534832896e-09,
      "n_steps": 234,
      "min_circuit_grad_var": 3.522410452205804e-07,
      "final_circuit_grad_var": 1.5339413721449091e-06,
      "h3_pass_relative": true,
      "h3_classical_reference_var": 1.2723039510831313e-08
    },
    "bypass": {
      "final_grad_var": 0.00019771276856772602,
      "min_grad_var": 1.2723039510831313e-08,
      "n_steps": 234
    }
  }
}