{
  "timestamp": "2026-07-18T11:13:09",
  "git_hash": "369ebef41e018c586ccd1057124457a36999b56e",
  "seed": 12,
  "config": {
    "data": {
      "name": "cora",
      "root": "data",
      "split": "public",
      "labels_per_class": 5,
      "split_seed": 0
    },
    "model": {
      "name": "nemaq",
      "hidden": 64,
      "dropout": 0.5,
      "geometry": "hyperbolic",
      "quantum_mode": "pqc",
      "n_qubits": 4,
      "q_depth": 2,
      "branch_dim": 64,
      "fused_dim": 64,
      "fusion_mode": "residual",
      "curvature": 1.0,
      "learnable_curvature": true,
      "shots": null,
      "angle_norm": "std"
    },
    "train": {
      "lr": 0.01,
      "weight_decay": 0.0005,
      "epochs": 500,
      "patience": 100,
      "aux_weight": 0.3,
      "aux_anneal": true
    },
    "deterministic": true,
    "device": "cuda"
  },
  "env": {
    "python": "3.12.13",
    "torch": "2.11.0+cu128",
    "torch_geometric": "2.8.0",
    "geoopt": "0.5.1",
    "pennylane": "0.45.1",
    "numpy": "2.0.2"
  },
  "metrics": {
    "val_acc": 0.7640000581741333,
    "test_acc": 0.7640000581741333,
    "test_macro_f1": 0.7496969895522997,
    "test_min_class_f1": 0.6720647773279352,
    "epochs_run": 500,
    "param_counts": {
      "total": 216799,
      "branch_geo": 100097,
      "branch_q": 6080,
      "branch_bypass": 95936
    },
    "learned_curvature": 0.6593694090843201
  },
  "telemetry_summary": {
    "geo": {
      "final_grad_var": 2.6350996783371626e-14,
      "min_grad_var": 2.6350996783371626e-14,
      "n_steps": 500
    },
    "q": {
      "final_grad_var": 4.710480594992406e-13,
      "min_grad_var": 4.710480594992406e-13,
      "n_steps": 500,
      "min_circuit_grad_var": 6.645650175995943e-12,
      "final_circuit_grad_var": 6.645650175995943e-12,
      "h3_pass_relative": true,
      "h3_classical_reference_var": 2.731800063937584e-10
    },
    "bypass": {
      "final_grad_var": 5.5068221627152525e-06,
      "min_grad_var": 2.731800063937584e-10,
      "n_steps": 500
    }
  }
}