{
  "h4": {
    "geo": 0.6259990649708703,
    "q": 0.36550833557011064
  },
  "randomization": {
    "spearman_orig_vs_randomized": -0.07744560069226297,
    "passes": true
  }
}