{
  "timestamp": "2026-07-17T13:50:03",
  "git_hash": "8552c89899842578cb2b6e69d42600ba803a2bf4",
  "seed": 13,
  "config": {
    "data": {
      "name": "cora",
      "root": "data",
      "split": "public",
      "labels_per_class": 5,
      "split_seed": 0
    },
    "model": {
      "name": "nemaq",
      "hidden": 64,
      "dropout": 0.5,
      "geometry": "hyperbolic",
      "quantum_mode": "pqc",
      "n_qubits": 4,
      "q_depth": 2,
      "branch_dim": 64,
      "fused_dim": 64,
      "fusion_mode": "residual",
      "curvature": 1.0,
      "learnable_curvature": true,
      "shots": null
    },
    "train": {
      "lr": 0.01,
      "weight_decay": 0.0005,
      "epochs": 500,
      "patience": 100,
      "aux_weight": 0.3,
      "aux_anneal": true
    },
    "deterministic": true,
    "device": "cuda"
  },
  "env": {
    "python": "3.12.13",
    "torch": "2.11.0+cu128",
    "torch_geometric": "2.8.0",
    "geoopt": "0.5.1",
    "pennylane": "0.45.1",
    "numpy": "2.0.2"
  },
  "metrics": {
    "val_acc": 0.7640000581741333,
    "test_acc": 0.7570000290870667,
    "test_macro_f1": 0.7532693384144292,
    "test_min_class_f1": 0.6204379562043796,
    "epochs_run": 138,
    "param_counts": {
      "total": 216799,
      "branch_geo": 100097,
      "branch_q": 6080,
      "branch_bypass": 95936
    },
    "learned_curvature": 1.1328389644622803
  },
  "telemetry_summary": {
    "geo": {
      "final_grad_var": 9.717184212831853e-08,
      "min_grad_var": 2.991384917550022e-10,
      "n_steps": 138
    },
    "q": {
      "final_grad_var": 6.389141162799206e-07,
      "min_grad_var": 6.206483105231086e-10,
      "n_steps": 138,
      "min_circuit_grad_var": 1.2228219326004819e-08,
      "final_circuit_grad_var": 1.5297431673388928e-05,
      "h3_pass_relative": true,
      "h3_classical_reference_var": 2.9406934665132667e-09
    },
    "bypass": {
      "final_grad_var": 2.0644046117013204e-07,
      "min_grad_var": 2.9406934665132667e-09,
      "n_steps": 138
    }
  }
}