{
  "h4": {
    "geo": 0.6924424654684553,
    "q": 0.1844725243059752
  },
  "randomization": {
    "spearman_orig_vs_randomized": 0.8271356623361442,
    "passes": false
  }
}