{
  "timestamp": "2026-07-17T15:03:59",
  "git_hash": "8552c89899842578cb2b6e69d42600ba803a2bf4",
  "seed": 14,
  "config": {
    "data": {
      "name": "pubmed",
      "root": "data",
      "split": "public",
      "labels_per_class": 5,
      "split_seed": 0
    },
    "model": {
      "name": "nemaq",
      "hidden": 64,
      "dropout": 0.5,
      "geometry": "euclidean",
      "quantum_mode": "pqc",
      "n_qubits": 4,
      "q_depth": 2,
      "branch_dim": 64,
      "fused_dim": 64,
      "fusion_mode": "residual",
      "curvature": 1.0,
      "learnable_curvature": true,
      "shots": null
    },
    "train": {
      "lr": 0.01,
      "weight_decay": 0.0005,
      "epochs": 500,
      "patience": 100,
      "aux_weight": 0.3,
      "aux_anneal": true
    },
    "deterministic": true,
    "device": "cuda"
  },
  "env": {
    "python": "3.12.13",
    "torch": "2.11.0+cu128",
    "torch_geometric": "2.8.0",
    "geoopt": "0.5.1",
    "pennylane": "0.45.1",
    "numpy": "2.0.2"
  },
  "metrics": {
    "val_acc": 0.7440000176429749,
    "test_acc": 0.7410000562667847,
    "test_macro_f1": 0.7427991617622162,
    "test_min_class_f1": 0.6947960618846695,
    "epochs_run": 120,
    "param_counts": {
      "total": 88442,
      "branch_geo": 36224,
      "branch_q": 2348,
      "branch_bypass": 36224
    }
  },
  "telemetry_summary": {
    "geo": {
      "final_grad_var": 5.9112124972671154e-08,
      "min_grad_var": 1.0937085959117354e-10,
      "n_steps": 120
    },
    "q": {
      "final_grad_var": 3.3715696901026604e-08,
      "min_grad_var": 7.550433167580195e-09,
      "n_steps": 120,
      "min_circuit_grad_var": 2.0046245552407527e-08,
      "final_circuit_grad_var": 1.4544232271873625e-06,
      "h3_pass_relative": true,
      "h3_classical_reference_var": 1.0730195398878095e-08
    },
    "bypass": {
      "final_grad_var": 1.106149216667518e-08,
      "min_grad_var": 1.0730195398878095e-08,
      "n_steps": 120
    }
  }
}