{
  "timestamp": "2026-07-18T10:45:52",
  "git_hash": "369ebef41e018c586ccd1057124457a36999b56e",
  "seed": 16,
  "config": {
    "data": {
      "name": "citeseer",
      "root": "data",
      "split": "low_label",
      "labels_per_class": 5,
      "split_seed": 0
    },
    "model": {
      "name": "nemaq",
      "hidden": 64,
      "dropout": 0.5,
      "geometry": "hyperbolic",
      "quantum_mode": "pqc",
      "n_qubits": 4,
      "q_depth": 2,
      "branch_dim": 64,
      "fused_dim": 64,
      "fusion_mode": "residual",
      "curvature": 1.0,
      "learnable_curvature": true,
      "shots": null,
      "gate_bias_init": -4.0
    },
    "train": {
      "lr": 0.005,
      "weight_decay": 0.0005,
      "epochs": 500,
      "patience": 100,
      "aux_weight": 2.0,
      "aux_anneal": true
    },
    "deterministic": true,
    "device": "cuda"
  },
  "env": {
    "python": "3.12.13",
    "torch": "2.11.0+cu128",
    "torch_geometric": "2.8.0",
    "geoopt": "0.5.1",
    "pennylane": "0.45.1",
    "numpy": "2.0.2"
  },
  "metrics": {
    "val_acc": 0.4540000259876251,
    "test_acc": 0.49000000953674316,
    "test_macro_f1": 0.414882297672934,
    "test_min_class_f1": 0.024390243902439025,
    "epochs_run": 112,
    "param_counts": {
      "total": 516179,
      "branch_geo": 245377,
      "branch_q": 15160,
      "branch_bypass": 241216
    },
    "learned_curvature": 1.0279536247253418
  },
  "telemetry_summary": {
    "geo": {
      "final_grad_var": 3.3358242035319563e-07,
      "min_grad_var": 3.4044251862042074e-08,
      "n_steps": 112
    },
    "q": {
      "final_grad_var": 3.0460846289770416e-08,
      "min_grad_var": 1.2492888501469679e-08,
      "n_steps": 112,
      "min_circuit_grad_var": 1.3547813182412938e-07,
      "final_circuit_grad_var": 2.388852408330422e-06,
      "h3_pass_relative": true,
      "h3_classical_reference_var": 3.4044251862042074e-08
    },
    "bypass": {
      "final_grad_var": 6.207582714523596e-08,
      "min_grad_var": 1.1769276220263691e-08,
      "n_steps": 112
    }
  }
}