{
  "h4": {
    "geo": 0.25068108768926073,
    "q": 0.5750142461893744
  },
  "randomization": {
    "spearman_orig_vs_randomized": 0.044488302716510914,
    "passes": true
  }
}