{
  "timestamp": "2026-07-18T10:58:11",
  "git_hash": "369ebef41e018c586ccd1057124457a36999b56e",
  "seed": 14,
  "config": {
    "data": {
      "name": "pubmed",
      "root": "data",
      "split": "low_label",
      "labels_per_class": 5,
      "split_seed": 0
    },
    "model": {
      "name": "nemaq",
      "hidden": 64,
      "dropout": 0.5,
      "geometry": "hyperbolic",
      "quantum_mode": "pqc",
      "n_qubits": 4,
      "q_depth": 2,
      "branch_dim": 64,
      "fused_dim": 64,
      "fusion_mode": "residual",
      "curvature": 1.0,
      "learnable_curvature": true,
      "shots": null
    },
    "train": {
      "lr": 0.01,
      "weight_decay": 0.0005,
      "epochs": 500,
      "patience": 100,
      "aux_weight": 0.3,
      "aux_anneal": true
    },
    "deterministic": true,
    "device": "cuda"
  },
  "env": {
    "python": "3.12.13",
    "torch": "2.11.0+cu128",
    "torch_geometric": "2.8.0",
    "geoopt": "0.5.1",
    "pennylane": "0.45.1",
    "numpy": "2.0.2"
  },
  "metrics": {
    "val_acc": 0.7800000309944153,
    "test_acc": 0.7420000433921814,
    "test_macro_f1": 0.7401782805008611,
    "test_min_class_f1": 0.7146464646464646,
    "epochs_run": 140,
    "param_counts": {
      "total": 92603,
      "branch_geo": 40385,
      "branch_q": 2348,
      "branch_bypass": 36224
    },
    "learned_curvature": 1.0114843845367432
  },
  "telemetry_summary": {
    "geo": {
      "final_grad_var": 3.744536902772211e-10,
      "min_grad_var": 1.272629085447008e-10,
      "n_steps": 140
    },
    "q": {
      "final_grad_var": 2.199052850926364e-08,
      "min_grad_var": 3.9408303287302715e-09,
      "n_steps": 140,
      "min_circuit_grad_var": 4.6430299605049186e-09,
      "final_circuit_grad_var": 5.372079385779216e-07,
      "h3_pass_relative": true,
      "h3_classical_reference_var": 1.3035585944010109e-09
    },
    "bypass": {
      "final_grad_var": 1.594673548765968e-08,
      "min_grad_var": 1.3035585944010109e-09,
      "n_steps": 140
    }
  }
}