{
  "timestamp": "2026-07-18T10:59:35",
  "git_hash": "369ebef41e018c586ccd1057124457a36999b56e",
  "seed": 15,
  "config": {
    "data": {
      "name": "pubmed",
      "root": "data",
      "split": "low_label",
      "labels_per_class": 5,
      "split_seed": 0
    },
    "model": {
      "name": "nemaq",
      "hidden": 64,
      "dropout": 0.5,
      "geometry": "hyperbolic",
      "quantum_mode": "pqc",
      "n_qubits": 4,
      "q_depth": 2,
      "branch_dim": 64,
      "fused_dim": 64,
      "fusion_mode": "residual",
      "curvature": 1.0,
      "learnable_curvature": true,
      "shots": null
    },
    "train": {
      "lr": 0.01,
      "weight_decay": 0.0005,
      "epochs": 500,
      "patience": 100,
      "aux_weight": 0.3,
      "aux_anneal": true
    },
    "deterministic": true,
    "device": "cuda"
  },
  "env": {
    "python": "3.12.13",
    "torch": "2.11.0+cu128",
    "torch_geometric": "2.8.0",
    "geoopt": "0.5.1",
    "pennylane": "0.45.1",
    "numpy": "2.0.2"
  },
  "metrics": {
    "val_acc": 0.7860000133514404,
    "test_acc": 0.7590000629425049,
    "test_macro_f1": 0.7535545331116552,
    "test_min_class_f1": 0.7142857142857143,
    "epochs_run": 171,
    "param_counts": {
      "total": 92603,
      "branch_geo": 40385,
      "branch_q": 2348,
      "branch_bypass": 36224
    },
    "learned_curvature": 0.9496196508407593
  },
  "telemetry_summary": {
    "geo": {
      "final_grad_var": 1.4615039845011779e-08,
      "min_grad_var": 9.046010468471977e-11,
      "n_steps": 171
    },
    "q": {
      "final_grad_var": 1.002225431534498e-07,
      "min_grad_var": 3.9242382676718535e-09,
      "n_steps": 171,
      "min_circuit_grad_var": 5.178387940674156e-09,
      "final_circuit_grad_var": 1.7693309928290546e-06,
      "h3_pass_relative": true,
      "h3_classical_reference_var": 3.5533345155158713e-09
    },
    "bypass": {
      "final_grad_var": 2.5571702977345012e-08,
      "min_grad_var": 3.5533345155158713e-09,
      "n_steps": 171
    }
  }
}