{
  "timestamp": "2026-07-17T14:51:53",
  "git_hash": "8552c89899842578cb2b6e69d42600ba803a2bf4",
  "seed": 17,
  "config": {
    "data": {
      "name": "citeseer",
      "root": "data",
      "split": "public",
      "labels_per_class": 5,
      "split_seed": 0
    },
    "model": {
      "name": "nemaq",
      "hidden": 64,
      "dropout": 0.5,
      "geometry": "euclidean",
      "quantum_mode": "pqc",
      "n_qubits": 4,
      "q_depth": 2,
      "branch_dim": 64,
      "fused_dim": 64,
      "fusion_mode": "residual",
      "curvature": 1.0,
      "learnable_curvature": true,
      "shots": null,
      "gate_bias_init": -4.0
    },
    "train": {
      "lr": 0.005,
      "weight_decay": 0.0005,
      "epochs": 500,
      "patience": 100,
      "aux_weight": 2.0,
      "aux_anneal": true
    },
    "deterministic": true,
    "device": "cuda"
  },
  "env": {
    "python": "3.12.13",
    "torch": "2.11.0+cu128",
    "torch_geometric": "2.8.0",
    "geoopt": "0.5.1",
    "pennylane": "0.45.1",
    "numpy": "2.0.2"
  },
  "metrics": {
    "val_acc": 0.6660000085830688,
    "test_acc": 0.64000004529953,
    "test_macro_f1": 0.6102783404946228,
    "test_min_class_f1": 0.2857142857142857,
    "epochs_run": 124,
    "param_counts": {
      "total": 512018,
      "branch_geo": 241216,
      "branch_q": 15160,
      "branch_bypass": 241216
    }
  },
  "telemetry_summary": {
    "geo": {
      "final_grad_var": 1.3771264661954774e-07,
      "min_grad_var": 1.0316582033098598e-09,
      "n_steps": 124
    },
    "q": {
      "final_grad_var": 2.688743983014774e-08,
      "min_grad_var": 2.904540608028583e-09,
      "n_steps": 124,
      "min_circuit_grad_var": 5.597016894398621e-08,
      "final_circuit_grad_var": 1.1101755262643564e-05,
      "h3_pass_relative": true,
      "h3_classical_reference_var": 2.1463137933608323e-09
    },
    "bypass": {
      "final_grad_var": 3.8675576519153765e-08,
      "min_grad_var": 2.1463137933608323e-09,
      "n_steps": 124
    }
  }
}