{
  "h4": {
    "geo": 0.765277883052885,
    "q": 0.46813661515866445
  },
  "randomization": {
    "spearman_orig_vs_randomized": 0.14201857732724515,
    "passes": true
  }
}