{
  "timestamp": "2026-07-17T13:52:28",
  "git_hash": "8552c89899842578cb2b6e69d42600ba803a2bf4",
  "seed": 17,
  "config": {
    "data": {
      "name": "cora",
      "root": "data",
      "split": "public",
      "labels_per_class": 5,
      "split_seed": 0
    },
    "model": {
      "name": "nemaq",
      "hidden": 64,
      "dropout": 0.5,
      "geometry": "hyperbolic",
      "quantum_mode": "pqc",
      "n_qubits": 4,
      "q_depth": 2,
      "branch_dim": 64,
      "fused_dim": 64,
      "fusion_mode": "residual",
      "curvature": 1.0,
      "learnable_curvature": true,
      "shots": null
    },
    "train": {
      "lr": 0.01,
      "weight_decay": 0.0005,
      "epochs": 500,
      "patience": 100,
      "aux_weight": 0.3,
      "aux_anneal": true
    },
    "deterministic": true,
    "device": "cuda"
  },
  "env": {
    "python": "3.12.13",
    "torch": "2.11.0+cu128",
    "torch_geometric": "2.8.0",
    "geoopt": "0.5.1",
    "pennylane": "0.45.1",
    "numpy": "2.0.2"
  },
  "metrics": {
    "val_acc": 0.6920000314712524,
    "test_acc": 0.690000057220459,
    "test_macro_f1": 0.7069429430978966,
    "test_min_class_f1": 0.4984984984984985,
    "epochs_run": 150,
    "param_counts": {
      "total": 216799,
      "branch_geo": 100097,
      "branch_q": 6080,
      "branch_bypass": 95936
    },
    "learned_curvature": 1.0144950151443481
  },
  "telemetry_summary": {
    "geo": {
      "final_grad_var": 2.9753757644357393e-06,
      "min_grad_var": 4.991909108298387e-10,
      "n_steps": 150
    },
    "q": {
      "final_grad_var": 1.5136194519982382e-08,
      "min_grad_var": 1.887439093906096e-09,
      "n_steps": 150,
      "min_circuit_grad_var": 2.1596733290607517e-08,
      "final_circuit_grad_var": 7.961385222188255e-07,
      "h3_pass_relative": true,
      "h3_classical_reference_var": 1.7665227058927258e-09
    },
    "bypass": {
      "final_grad_var": 3.7089215254582086e-08,
      "min_grad_var": 1.7665227058927258e-09,
      "n_steps": 150
    }
  }
}