{
  "timestamp": "2026-07-18T11:11:50",
  "git_hash": "369ebef41e018c586ccd1057124457a36999b56e",
  "seed": 11,
  "config": {
    "data": {
      "name": "cora",
      "root": "data",
      "split": "public",
      "labels_per_class": 5,
      "split_seed": 0
    },
    "model": {
      "name": "nemaq",
      "hidden": 64,
      "dropout": 0.5,
      "geometry": "hyperbolic",
      "quantum_mode": "pqc",
      "n_qubits": 4,
      "q_depth": 2,
      "branch_dim": 64,
      "fused_dim": 64,
      "fusion_mode": "residual",
      "curvature": 1.0,
      "learnable_curvature": true,
      "shots": null,
      "angle_norm": "std"
    },
    "train": {
      "lr": 0.01,
      "weight_decay": 0.0005,
      "epochs": 500,
      "patience": 100,
      "aux_weight": 0.3,
      "aux_anneal": true
    },
    "deterministic": true,
    "device": "cuda"
  },
  "env": {
    "python": "3.12.13",
    "torch": "2.11.0+cu128",
    "torch_geometric": "2.8.0",
    "geoopt": "0.5.1",
    "pennylane": "0.45.1",
    "numpy": "2.0.2"
  },
  "metrics": {
    "val_acc": 0.5160000324249268,
    "test_acc": 0.5660000443458557,
    "test_macro_f1": 0.5437725067505593,
    "test_min_class_f1": 0.16216216216216217,
    "epochs_run": 158,
    "param_counts": {
      "total": 216799,
      "branch_geo": 100097,
      "branch_q": 6080,
      "branch_bypass": 95936
    },
    "learned_curvature": 0.9361684918403625
  },
  "telemetry_summary": {
    "geo": {
      "final_grad_var": 2.1421223550532886e-07,
      "min_grad_var": 6.160978394120775e-10,
      "n_steps": 158
    },
    "q": {
      "final_grad_var": 9.679055068545495e-08,
      "min_grad_var": 7.574682570066216e-08,
      "n_steps": 158,
      "min_circuit_grad_var": 1.117165808750542e-07,
      "final_circuit_grad_var": 1.9472681742627174e-06,
      "h3_pass_relative": true,
      "h3_classical_reference_var": 1.8240203791819454e-09
    },
    "bypass": {
      "final_grad_var": 1.1795826537763787e-08,
      "min_grad_var": 1.8240203791819454e-09,
      "n_steps": 158
    }
  }
}