{
  "timestamp": "2026-07-18T10:41:19",
  "git_hash": "369ebef41e018c586ccd1057124457a36999b56e",
  "seed": 14,
  "config": {
    "data": {
      "name": "cora",
      "root": "data",
      "split": "low_label",
      "labels_per_class": 5,
      "split_seed": 0
    },
    "model": {
      "name": "nemaq",
      "hidden": 64,
      "dropout": 0.5,
      "geometry": "hyperbolic",
      "quantum_mode": "surrogate",
      "n_qubits": 4,
      "q_depth": 2,
      "branch_dim": 64,
      "fused_dim": 64,
      "fusion_mode": "residual",
      "curvature": 1.0,
      "learnable_curvature": true,
      "shots": null
    },
    "train": {
      "lr": 0.01,
      "weight_decay": 0.0005,
      "epochs": 500,
      "patience": 100,
      "aux_weight": 0.3,
      "aux_anneal": true
    },
    "deterministic": true,
    "device": "cuda"
  },
  "env": {
    "python": "3.12.13",
    "torch": "2.11.0+cu128",
    "torch_geometric": "2.8.0",
    "geoopt": "0.5.1",
    "pennylane": "0.45.1",
    "numpy": "2.0.2"
  },
  "metrics": {
    "val_acc": 0.6420000195503235,
    "test_acc": 0.5860000252723694,
    "test_macro_f1": 0.5710370337000996,
    "test_min_class_f1": 0.29508196721311475,
    "epochs_run": 243,
    "param_counts": {
      "total": 216797,
      "branch_geo": 100097,
      "branch_q": 6078,
      "branch_bypass": 95936
    },
    "learned_curvature": 0.6504948735237122
  },
  "telemetry_summary": {
    "geo": {
      "final_grad_var": 3.948830169520079e-07,
      "min_grad_var": 1.9188794997404557e-09,
      "n_steps": 243
    },
    "q": {
      "final_grad_var": 1.3738299387000552e-08,
      "min_grad_var": 1.356736167856809e-09,
      "n_steps": 243
    },
    "bypass": {
      "final_grad_var": 1.0987434073683744e-08,
      "min_grad_var": 3.1952462897777423e-09,
      "n_steps": 243
    }
  }
}