{
  "h4": {
    "geo": -0.00020931621245595566,
    "q": -0.008390714516575234
  },
  "randomization": {
    "spearman_orig_vs_randomized": 0.023849093055344064,
    "passes": true
  }
}