{
  "timestamp": "2026-07-17T14:48:53",
  "git_hash": "8552c89899842578cb2b6e69d42600ba803a2bf4",
  "seed": 18,
  "config": {
    "data": {
      "name": "cora",
      "root": "data",
      "split": "public",
      "labels_per_class": 5,
      "split_seed": 0
    },
    "model": {
      "name": "nemaq",
      "hidden": 64,
      "dropout": 0.5,
      "geometry": "hyperbolic",
      "quantum_mode": "pqc",
      "n_qubits": 4,
      "q_depth": 2,
      "branch_dim": 64,
      "fused_dim": 64,
      "fusion_mode": "softmax",
      "curvature": 1.0,
      "learnable_curvature": true,
      "shots": null
    },
    "train": {
      "lr": 0.01,
      "weight_decay": 0.0005,
      "epochs": 500,
      "patience": 100,
      "aux_weight": 0.3,
      "aux_anneal": true
    },
    "deterministic": true,
    "device": "cuda"
  },
  "env": {
    "python": "3.12.13",
    "torch": "2.11.0+cu128",
    "torch_geometric": "2.8.0",
    "geoopt": "0.5.1",
    "pennylane": "0.45.1",
    "numpy": "2.0.2"
  },
  "metrics": {
    "val_acc": 0.5300000309944153,
    "test_acc": 0.531000018119812,
    "test_macro_f1": 0.5045774575703134,
    "test_min_class_f1": 0.4166666666666667,
    "epochs_run": 157,
    "param_counts": {
      "total": 216992,
      "branch_geo": 100097,
      "branch_q": 6080,
      "branch_bypass": 95936
    },
    "learned_curvature": 0.9295817613601685
  },
  "telemetry_summary": {
    "geo": {
      "final_grad_var": 8.798294857115252e-07,
      "min_grad_var": 3.0951710083826356e-09,
      "n_steps": 157
    },
    "q": {
      "final_grad_var": 3.6602889394998783e-06,
      "min_grad_var": 1.6456827012234498e-09,
      "n_steps": 157,
      "min_circuit_grad_var": 6.654633732949833e-09,
      "final_circuit_grad_var": 7.013107097009197e-05,
      "h3_pass_relative": true,
      "h3_classical_reference_var": 3.0951710083826356e-09
    },
    "bypass": {
      "final_grad_var": 2.9416094449175034e-08,
      "min_grad_var": 2.0231175068552432e-10,
      "n_steps": 157
    }
  }
}