{
  "timestamp": "2026-07-17T15:06:56",
  "git_hash": "8552c89899842578cb2b6e69d42600ba803a2bf4",
  "seed": 16,
  "config": {
    "data": {
      "name": "pubmed",
      "root": "data",
      "split": "public",
      "labels_per_class": 5,
      "split_seed": 0
    },
    "model": {
      "name": "nemaq",
      "hidden": 64,
      "dropout": 0.5,
      "geometry": "euclidean",
      "quantum_mode": "pqc",
      "n_qubits": 4,
      "q_depth": 2,
      "branch_dim": 64,
      "fused_dim": 64,
      "fusion_mode": "residual",
      "curvature": 1.0,
      "learnable_curvature": true,
      "shots": null
    },
    "train": {
      "lr": 0.01,
      "weight_decay": 0.0005,
      "epochs": 500,
      "patience": 100,
      "aux_weight": 0.3,
      "aux_anneal": true
    },
    "deterministic": true,
    "device": "cuda"
  },
  "env": {
    "python": "3.12.13",
    "torch": "2.11.0+cu128",
    "torch_geometric": "2.8.0",
    "geoopt": "0.5.1",
    "pennylane": "0.45.1",
    "numpy": "2.0.2"
  },
  "metrics": {
    "val_acc": 0.7780000567436218,
    "test_acc": 0.7640000581741333,
    "test_macro_f1": 0.7623502106511264,
    "test_min_class_f1": 0.7287671232876712,
    "epochs_run": 190,
    "param_counts": {
      "total": 88442,
      "branch_geo": 36224,
      "branch_q": 2348,
      "branch_bypass": 36224
    }
  },
  "telemetry_summary": {
    "geo": {
      "final_grad_var": 2.322467018700536e-08,
      "min_grad_var": 1.2179260377997991e-10,
      "n_steps": 190
    },
    "q": {
      "final_grad_var": 3.7857937229546224e-08,
      "min_grad_var": 1.5795187380263087e-09,
      "n_steps": 190,
      "min_circuit_grad_var": 3.727426367561293e-09,
      "final_circuit_grad_var": 1.2907318023280823e-06,
      "h3_pass_relative": true,
      "h3_classical_reference_var": 9.683337687249605e-09
    },
    "bypass": {
      "final_grad_var": 1.697391951438476e-07,
      "min_grad_var": 9.683337687249605e-09,
      "n_steps": 190
    }
  }
}