{
  "timestamp": "2026-07-18T10:37:16",
  "git_hash": "369ebef41e018c586ccd1057124457a36999b56e",
  "seed": 12,
  "config": {
    "data": {
      "name": "cora",
      "root": "data",
      "split": "low_label",
      "labels_per_class": 5,
      "split_seed": 0
    },
    "model": {
      "name": "nemaq",
      "hidden": 64,
      "dropout": 0.5,
      "geometry": "hyperbolic",
      "quantum_mode": "pqc",
      "n_qubits": 4,
      "q_depth": 2,
      "branch_dim": 64,
      "fused_dim": 64,
      "fusion_mode": "residual",
      "curvature": 1.0,
      "learnable_curvature": true,
      "shots": null
    },
    "train": {
      "lr": 0.01,
      "weight_decay": 0.0005,
      "epochs": 500,
      "patience": 100,
      "aux_weight": 0.3,
      "aux_anneal": true
    },
    "deterministic": true,
    "device": "cuda"
  },
  "env": {
    "python": "3.12.13",
    "torch": "2.11.0+cu128",
    "torch_geometric": "2.8.0",
    "geoopt": "0.5.1",
    "pennylane": "0.45.1",
    "numpy": "2.0.2"
  },
  "metrics": {
    "val_acc": 0.6360000371932983,
    "test_acc": 0.6100000143051147,
    "test_macro_f1": 0.5937134275095595,
    "test_min_class_f1": 0.44571428571428573,
    "epochs_run": 131,
    "param_counts": {
      "total": 216799,
      "branch_geo": 100097,
      "branch_q": 6080,
      "branch_bypass": 95936
    },
    "learned_curvature": 1.0596976280212402
  },
  "telemetry_summary": {
    "geo": {
      "final_grad_var": 1.800583326883043e-08,
      "min_grad_var": 1.4479230037167667e-09,
      "n_steps": 131
    },
    "q": {
      "final_grad_var": 1.4610734844211493e-08,
      "min_grad_var": 7.321113160152493e-10,
      "n_steps": 131,
      "min_circuit_grad_var": 4.125188191039797e-09,
      "final_circuit_grad_var": 1.4947827366995625e-06,
      "h3_pass_relative": true,
      "h3_classical_reference_var": 8.282373009649291e-09
    },
    "bypass": {
      "final_grad_var": 2.204257221194439e-08,
      "min_grad_var": 8.282373009649291e-09,
      "n_steps": 131
    }
  }
}