{
  "timestamp": "2026-07-18T10:53:35",
  "git_hash": "369ebef41e018c586ccd1057124457a36999b56e",
  "seed": 10,
  "config": {
    "data": {
      "name": "pubmed",
      "root": "data",
      "split": "low_label",
      "labels_per_class": 5,
      "split_seed": 0
    },
    "model": {
      "name": "nemaq",
      "hidden": 64,
      "dropout": 0.5,
      "geometry": "hyperbolic",
      "quantum_mode": "pqc",
      "n_qubits": 4,
      "q_depth": 2,
      "branch_dim": 64,
      "fused_dim": 64,
      "fusion_mode": "residual",
      "curvature": 1.0,
      "learnable_curvature": true,
      "shots": null
    },
    "train": {
      "lr": 0.01,
      "weight_decay": 0.0005,
      "epochs": 500,
      "patience": 100,
      "aux_weight": 0.3,
      "aux_anneal": true
    },
    "deterministic": true,
    "device": "cuda"
  },
  "env": {
    "python": "3.12.13",
    "torch": "2.11.0+cu128",
    "torch_geometric": "2.8.0",
    "geoopt": "0.5.1",
    "pennylane": "0.45.1",
    "numpy": "2.0.2"
  },
  "metrics": {
    "val_acc": 0.7760000228881836,
    "test_acc": 0.7330000400543213,
    "test_macro_f1": 0.7205966141226828,
    "test_min_class_f1": 0.6704225352112676,
    "epochs_run": 355,
    "param_counts": {
      "total": 92603,
      "branch_geo": 40385,
      "branch_q": 2348,
      "branch_bypass": 36224
    },
    "learned_curvature": 0.9815627336502075
  },
  "telemetry_summary": {
    "geo": {
      "final_grad_var": 5.934601254864447e-09,
      "min_grad_var": 3.3886414507744433e-11,
      "n_steps": 355
    },
    "q": {
      "final_grad_var": 1.0227092062109477e-08,
      "min_grad_var": 4.4819419287023265e-09,
      "n_steps": 355,
      "min_circuit_grad_var": 5.425301097261581e-09,
      "final_circuit_grad_var": 3.338894032367534e-07,
      "h3_pass_relative": true,
      "h3_classical_reference_var": 3.4044844721137224e-09
    },
    "bypass": {
      "final_grad_var": 6.875224389801815e-09,
      "min_grad_var": 3.4044844721137224e-09,
      "n_steps": 355
    }
  }
}