{
  "h4": {
    "geo": 0.2580509183733767,
    "q": 0.25494014694014694
  },
  "randomization": {
    "spearman_orig_vs_randomized": 0.24539865019337798,
    "passes": true
  }
}