{
  "timestamp": "2026-07-17T14:22:48",
  "git_hash": "8552c89899842578cb2b6e69d42600ba803a2bf4",
  "seed": 18,
  "config": {
    "data": {
      "name": "pubmed",
      "root": "data",
      "split": "public",
      "labels_per_class": 5,
      "split_seed": 0
    },
    "model": {
      "name": "nemaq",
      "hidden": 64,
      "dropout": 0.5,
      "geometry": "hyperbolic",
      "quantum_mode": "pqc",
      "n_qubits": 4,
      "q_depth": 2,
      "branch_dim": 64,
      "fused_dim": 64,
      "fusion_mode": "residual",
      "curvature": 1.0,
      "learnable_curvature": true,
      "shots": null
    },
    "train": {
      "lr": 0.01,
      "weight_decay": 0.0005,
      "epochs": 500,
      "patience": 100,
      "aux_weight": 0.3,
      "aux_anneal": true
    },
    "deterministic": true,
    "device": "cuda"
  },
  "env": {
    "python": "3.12.13",
    "torch": "2.11.0+cu128",
    "torch_geometric": "2.8.0",
    "geoopt": "0.5.1",
    "pennylane": "0.45.1",
    "numpy": "2.0.2"
  },
  "metrics": {
    "val_acc": 0.8020000457763672,
    "test_acc": 0.7710000276565552,
    "test_macro_f1": 0.766306204971059,
    "test_min_class_f1": 0.7435897435897436,
    "epochs_run": 255,
    "param_counts": {
      "total": 92603,
      "branch_geo": 40385,
      "branch_q": 2348,
      "branch_bypass": 36224
    },
    "learned_curvature": 1.1535838842391968
  },
  "telemetry_summary": {
    "geo": {
      "final_grad_var": 0.0007175874197855592,
      "min_grad_var": 1.670585003665792e-09,
      "n_steps": 255
    },
    "q": {
      "final_grad_var": 0.02133103646337986,
      "min_grad_var": 3.9863716772003954e-09,
      "n_steps": 255,
      "min_circuit_grad_var": 5.4033524321539517e-08,
      "final_circuit_grad_var": 0.1913890391588211,
      "h3_pass_relative": true,
      "h3_classical_reference_var": 5.911978018247055e-09
    },
    "bypass": {
      "final_grad_var": 0.00028374764951877296,
      "min_grad_var": 5.911978018247055e-09,
      "n_steps": 255
    }
  }
}