{
  "timestamp": "2026-07-18T10:54:54",
  "git_hash": "369ebef41e018c586ccd1057124457a36999b56e",
  "seed": 11,
  "config": {
    "data": {
      "name": "pubmed",
      "root": "data",
      "split": "low_label",
      "labels_per_class": 5,
      "split_seed": 0
    },
    "model": {
      "name": "nemaq",
      "hidden": 64,
      "dropout": 0.5,
      "geometry": "hyperbolic",
      "quantum_mode": "pqc",
      "n_qubits": 4,
      "q_depth": 2,
      "branch_dim": 64,
      "fused_dim": 64,
      "fusion_mode": "residual",
      "curvature": 1.0,
      "learnable_curvature": true,
      "shots": null
    },
    "train": {
      "lr": 0.01,
      "weight_decay": 0.0005,
      "epochs": 500,
      "patience": 100,
      "aux_weight": 0.3,
      "aux_anneal": true
    },
    "deterministic": true,
    "device": "cuda"
  },
  "env": {
    "python": "3.12.13",
    "torch": "2.11.0+cu128",
    "torch_geometric": "2.8.0",
    "geoopt": "0.5.1",
    "pennylane": "0.45.1",
    "numpy": "2.0.2"
  },
  "metrics": {
    "val_acc": 0.7480000257492065,
    "test_acc": 0.7150000333786011,
    "test_macro_f1": 0.7175268338846682,
    "test_min_class_f1": 0.6966292134831461,
    "epochs_run": 159,
    "param_counts": {
      "total": 92603,
      "branch_geo": 40385,
      "branch_q": 2348,
      "branch_bypass": 36224
    },
    "learned_curvature": 1.052419900894165
  },
  "telemetry_summary": {
    "geo": {
      "final_grad_var": 1.0410295914198286e-07,
      "min_grad_var": 3.174199236788411e-10,
      "n_steps": 159
    },
    "q": {
      "final_grad_var": 1.4016851679343745e-08,
      "min_grad_var": 2.481341576654472e-09,
      "n_steps": 159,
      "min_circuit_grad_var": 3.5243852281041654e-09,
      "final_circuit_grad_var": 7.183962225099094e-07,
      "h3_pass_relative": true,
      "h3_classical_reference_var": 1.3713244984003836e-09
    },
    "bypass": {
      "final_grad_var": 4.31656026478322e-08,
      "min_grad_var": 1.3713244984003836e-09,
      "n_steps": 159
    }
  }
}