{
  "timestamp": "2026-07-18T11:15:22",
  "git_hash": "369ebef41e018c586ccd1057124457a36999b56e",
  "seed": 16,
  "config": {
    "data": {
      "name": "cora",
      "root": "data",
      "split": "public",
      "labels_per_class": 5,
      "split_seed": 0
    },
    "model": {
      "name": "nemaq",
      "hidden": 64,
      "dropout": 0.5,
      "geometry": "hyperbolic",
      "quantum_mode": "pqc",
      "n_qubits": 4,
      "q_depth": 2,
      "branch_dim": 64,
      "fused_dim": 64,
      "fusion_mode": "residual",
      "curvature": 1.0,
      "learnable_curvature": true,
      "shots": null,
      "angle_norm": "std"
    },
    "train": {
      "lr": 0.01,
      "weight_decay": 0.0005,
      "epochs": 500,
      "patience": 100,
      "aux_weight": 0.3,
      "aux_anneal": true
    },
    "deterministic": true,
    "device": "cuda"
  },
  "env": {
    "python": "3.12.13",
    "torch": "2.11.0+cu128",
    "torch_geometric": "2.8.0",
    "geoopt": "0.5.1",
    "pennylane": "0.45.1",
    "numpy": "2.0.2"
  },
  "metrics": {
    "val_acc": 0.2580000162124634,
    "test_acc": 0.25,
    "test_macro_f1": 0.23086521079771655,
    "test_min_class_f1": 0.06666666666666667,
    "epochs_run": 148,
    "param_counts": {
      "total": 216799,
      "branch_geo": 100097,
      "branch_q": 6080,
      "branch_bypass": 95936
    },
    "learned_curvature": 1.0754503011703491
  },
  "telemetry_summary": {
    "geo": {
      "final_grad_var": 3.3975461333213275e-11,
      "min_grad_var": 2.8807579585676812e-11,
      "n_steps": 148
    },
    "q": {
      "final_grad_var": 9.190595307018157e-08,
      "min_grad_var": 4.2282223944312136e-08,
      "n_steps": 148,
      "min_circuit_grad_var": 6.237773675366043e-08,
      "final_circuit_grad_var": 4.044126399094239e-06,
      "h3_pass_relative": true,
      "h3_classical_reference_var": 1.924533199471057e-09
    },
    "bypass": {
      "final_grad_var": 2.188416736714771e-08,
      "min_grad_var": 1.924533199471057e-09,
      "n_steps": 148
    }
  }
}