{
  "h4": {
    "geo": 0.6895240735240736,
    "q": 0.7621609261609262
  },
  "randomization": {
    "spearman_orig_vs_randomized": 0.2712678832764326,
    "passes": true
  }
}