{
  "timestamp": "2026-07-18T10:36:31",
  "git_hash": "369ebef41e018c586ccd1057124457a36999b56e",
  "seed": 10,
  "config": {
    "data": {
      "name": "cora",
      "root": "data",
      "split": "low_label",
      "labels_per_class": 5,
      "split_seed": 0
    },
    "model": {
      "name": "nemaq",
      "hidden": 64,
      "dropout": 0.5,
      "geometry": "hyperbolic",
      "quantum_mode": "pqc",
      "n_qubits": 4,
      "q_depth": 2,
      "branch_dim": 64,
      "fused_dim": 64,
      "fusion_mode": "residual",
      "curvature": 1.0,
      "learnable_curvature": true,
      "shots": null
    },
    "train": {
      "lr": 0.01,
      "weight_decay": 0.0005,
      "epochs": 500,
      "patience": 100,
      "aux_weight": 0.3,
      "aux_anneal": true
    },
    "deterministic": true,
    "device": "cuda"
  },
  "env": {
    "python": "3.12.13",
    "torch": "2.11.0+cu128",
    "torch_geometric": "2.8.0",
    "geoopt": "0.5.1",
    "pennylane": "0.45.1",
    "numpy": "2.0.2"
  },
  "metrics": {
    "val_acc": 0.6220000386238098,
    "test_acc": 0.5600000023841858,
    "test_macro_f1": 0.5251048899005674,
    "test_min_class_f1": 0.3125,
    "epochs_run": 107,
    "param_counts": {
      "total": 216799,
      "branch_geo": 100097,
      "branch_q": 6080,
      "branch_bypass": 95936
    },
    "learned_curvature": 1.0311698913574219
  },
  "telemetry_summary": {
    "geo": {
      "final_grad_var": 1.248000955911266e-07,
      "min_grad_var": 1.6972558913863622e-09,
      "n_steps": 107
    },
    "q": {
      "final_grad_var": 6.249697293014833e-08,
      "min_grad_var": 2.7221700449331365e-09,
      "n_steps": 107,
      "min_circuit_grad_var": 9.50220524487122e-09,
      "final_circuit_grad_var": 1.9879073533957126e-06,
      "h3_pass_relative": true,
      "h3_classical_reference_var": 5.6081814747699354e-09
    },
    "bypass": {
      "final_grad_var": 5.905508970727169e-08,
      "min_grad_var": 5.6081814747699354e-09,
      "n_steps": 107
    }
  }
}