{
  "timestamp": "2026-07-17T14:33:48",
  "git_hash": "8552c89899842578cb2b6e69d42600ba803a2bf4",
  "seed": 17,
  "config": {
    "data": {
      "name": "disease",
      "root": "data",
      "split": "ratio",
      "labels_per_class": 5,
      "split_seed": 0
    },
    "model": {
      "name": "nemaq",
      "hidden": 64,
      "dropout": 0.5,
      "geometry": "hyperbolic",
      "quantum_mode": "pqc",
      "n_qubits": 4,
      "q_depth": 2,
      "branch_dim": 64,
      "fused_dim": 64,
      "fusion_mode": "residual",
      "curvature": 1.0,
      "learnable_curvature": true,
      "shots": null,
      "gate_bias_init": -2.0
    },
    "train": {
      "lr": 0.05,
      "weight_decay": 0.0005,
      "epochs": 500,
      "patience": 200,
      "aux_weight": 0.3,
      "aux_anneal": true
    },
    "deterministic": true,
    "device": "cuda"
  },
  "env": {
    "python": "3.12.13",
    "torch": "2.11.0+cu128",
    "torch_geometric": "2.8.0",
    "geoopt": "0.5.1",
    "pennylane": "0.45.1",
    "numpy": "2.0.2"
  },
  "metrics": {
    "val_acc": 0.951923131942749,
    "test_acc": 0.9266347289085388,
    "test_macro_f1": 0.8829654276903101,
    "test_min_class_f1": 0.8114754098360656,
    "epochs_run": 293,
    "param_counts": {
      "total": 158343,
      "branch_geo": 72385,
      "branch_q": 4348,
      "branch_bypass": 68224
    },
    "learned_curvature": 1.3141897916793823
  },
  "telemetry_summary": {
    "geo": {
      "final_grad_var": 3.204720126423477e-12,
      "min_grad_var": 1.664164249112754e-12,
      "n_steps": 293
    },
    "q": {
      "final_grad_var": 8.47850945007167e-09,
      "min_grad_var": 8.47850945007167e-09,
      "n_steps": 293,
      "min_circuit_grad_var": 1.8441059523865988e-07,
      "final_circuit_grad_var": 3.7186237022979185e-07,
      "h3_pass_relative": true,
      "h3_classical_reference_var": 3.2754288864511594e-11
    },
    "bypass": {
      "final_grad_var": 4.590672517679195e-07,
      "min_grad_var": 3.2754288864511594e-11,
      "n_steps": 293
    }
  }
}