{
  "timestamp": "2026-07-17T14:46:05",
  "git_hash": "8552c89899842578cb2b6e69d42600ba803a2bf4",
  "seed": 11,
  "config": {
    "data": {
      "name": "cora",
      "root": "data",
      "split": "public",
      "labels_per_class": 5,
      "split_seed": 0
    },
    "model": {
      "name": "nemaq",
      "hidden": 64,
      "dropout": 0.5,
      "geometry": "hyperbolic",
      "quantum_mode": "pqc",
      "n_qubits": 4,
      "q_depth": 2,
      "branch_dim": 64,
      "fused_dim": 64,
      "fusion_mode": "softmax",
      "curvature": 1.0,
      "learnable_curvature": true,
      "shots": null
    },
    "train": {
      "lr": 0.01,
      "weight_decay": 0.0005,
      "epochs": 500,
      "patience": 100,
      "aux_weight": 0.3,
      "aux_anneal": true
    },
    "deterministic": true,
    "device": "cuda"
  },
  "env": {
    "python": "3.12.13",
    "torch": "2.11.0+cu128",
    "torch_geometric": "2.8.0",
    "geoopt": "0.5.1",
    "pennylane": "0.45.1",
    "numpy": "2.0.2"
  },
  "metrics": {
    "val_acc": 0.5520000457763672,
    "test_acc": 0.5290000438690186,
    "test_macro_f1": 0.5159836965135091,
    "test_min_class_f1": 0.34868421052631576,
    "epochs_run": 218,
    "param_counts": {
      "total": 216992,
      "branch_geo": 100097,
      "branch_q": 6080,
      "branch_bypass": 95936
    },
    "learned_curvature": 0.9448615312576294
  },
  "telemetry_summary": {
    "geo": {
      "final_grad_var": 2.290651508474184e-07,
      "min_grad_var": 2.459813019939361e-09,
      "n_steps": 218
    },
    "q": {
      "final_grad_var": 1.538017002644665e-08,
      "min_grad_var": 3.816304605663845e-09,
      "n_steps": 218,
      "min_circuit_grad_var": 2.597993820074862e-08,
      "final_circuit_grad_var": 1.2145532082286081e-06,
      "h3_pass_relative": true,
      "h3_classical_reference_var": 2.459813019939361e-09
    },
    "bypass": {
      "final_grad_var": 8.307919685535126e-09,
      "min_grad_var": 2.444244528998496e-10,
      "n_steps": 218
    }
  }
}