{
  "h4": {
    "geo": 0.2647019214665561,
    "q": 0.33154797953726745
  },
  "randomization": {
    "spearman_orig_vs_randomized": 0.004084941366260408,
    "passes": true
  }
}