{
  "timestamp": "2026-07-17T14:00:08",
  "git_hash": "8552c89899842578cb2b6e69d42600ba803a2bf4",
  "seed": 17,
  "config": {
    "data": {
      "name": "citeseer",
      "root": "data",
      "split": "public",
      "labels_per_class": 5,
      "split_seed": 0
    },
    "model": {
      "name": "nemaq",
      "hidden": 64,
      "dropout": 0.5,
      "geometry": "hyperbolic",
      "quantum_mode": "pqc",
      "n_qubits": 4,
      "q_depth": 2,
      "branch_dim": 64,
      "fused_dim": 64,
      "fusion_mode": "residual",
      "curvature": 1.0,
      "learnable_curvature": true,
      "shots": null,
      "gate_bias_init": -4.0
    },
    "train": {
      "lr": 0.005,
      "weight_decay": 0.0005,
      "epochs": 500,
      "patience": 100,
      "aux_weight": 2.0,
      "aux_anneal": true
    },
    "deterministic": true,
    "device": "cuda"
  },
  "env": {
    "python": "3.12.13",
    "torch": "2.11.0+cu128",
    "torch_geometric": "2.8.0",
    "geoopt": "0.5.1",
    "pennylane": "0.45.1",
    "numpy": "2.0.2"
  },
  "metrics": {
    "val_acc": 0.6720000505447388,
    "test_acc": 0.6530000567436218,
    "test_macro_f1": 0.6182952877880905,
    "test_min_class_f1": 0.3,
    "epochs_run": 271,
    "param_counts": {
      "total": 516179,
      "branch_geo": 245377,
      "branch_q": 15160,
      "branch_bypass": 241216
    },
    "learned_curvature": 0.8143630623817444
  },
  "telemetry_summary": {
    "geo": {
      "final_grad_var": 1.7371748484151794e-08,
      "min_grad_var": 1.0767029934299899e-08,
      "n_steps": 271
    },
    "q": {
      "final_grad_var": 3.360745779446006e-07,
      "min_grad_var": 3.460087771856024e-09,
      "n_steps": 271,
      "min_circuit_grad_var": 1.4591208241654385e-07,
      "final_circuit_grad_var": 1.0742262020357884e-05,
      "h3_pass_relative": true,
      "h3_classical_reference_var": 1.0767029934299899e-08
    },
    "bypass": {
      "final_grad_var": 4.7897884769554366e-08,
      "min_grad_var": 2.5765909406061382e-09,
      "n_steps": 271
    }
  }
}