{
  "timestamp": "2026-07-18T10:39:32",
  "git_hash": "369ebef41e018c586ccd1057124457a36999b56e",
  "seed": 17,
  "config": {
    "data": {
      "name": "cora",
      "root": "data",
      "split": "low_label",
      "labels_per_class": 5,
      "split_seed": 0
    },
    "model": {
      "name": "nemaq",
      "hidden": 64,
      "dropout": 0.5,
      "geometry": "hyperbolic",
      "quantum_mode": "pqc",
      "n_qubits": 4,
      "q_depth": 2,
      "branch_dim": 64,
      "fused_dim": 64,
      "fusion_mode": "residual",
      "curvature": 1.0,
      "learnable_curvature": true,
      "shots": null
    },
    "train": {
      "lr": 0.01,
      "weight_decay": 0.0005,
      "epochs": 500,
      "patience": 100,
      "aux_weight": 0.3,
      "aux_anneal": true
    },
    "deterministic": true,
    "device": "cuda"
  },
  "env": {
    "python": "3.12.13",
    "torch": "2.11.0+cu128",
    "torch_geometric": "2.8.0",
    "geoopt": "0.5.1",
    "pennylane": "0.45.1",
    "numpy": "2.0.2"
  },
  "metrics": {
    "val_acc": 0.64000004529953,
    "test_acc": 0.5820000171661377,
    "test_macro_f1": 0.5873533231784763,
    "test_min_class_f1": 0.3221884498480243,
    "epochs_run": 407,
    "param_counts": {
      "total": 216799,
      "branch_geo": 100097,
      "branch_q": 6080,
      "branch_bypass": 95936
    },
    "learned_curvature": 0.5839546322822571
  },
  "telemetry_summary": {
    "geo": {
      "final_grad_var": 1.0386545845619821e-08,
      "min_grad_var": 1.8902117648877947e-09,
      "n_steps": 407
    },
    "q": {
      "final_grad_var": 1.353124048364407e-07,
      "min_grad_var": 2.003805565919947e-09,
      "n_steps": 407,
      "min_circuit_grad_var": 1.6157077453726743e-08,
      "final_circuit_grad_var": 2.8354204459901666e-06,
      "h3_pass_relative": true,
      "h3_classical_reference_var": 2.391139508617357e-09
    },
    "bypass": {
      "final_grad_var": 3.258046277210269e-09,
      "min_grad_var": 2.391139508617357e-09,
      "n_steps": 407
    }
  }
}