{
  "h4": {
    "geo": 0.3981328124375863,
    "q": 0.1365288957576558
  },
  "randomization": {
    "spearman_orig_vs_randomized": 0.04374677069693061,
    "passes": true
  }
}