{
  "timestamp": "2026-07-18T10:39:52",
  "git_hash": "369ebef41e018c586ccd1057124457a36999b56e",
  "seed": 18,
  "config": {
    "data": {
      "name": "cora",
      "root": "data",
      "split": "low_label",
      "labels_per_class": 5,
      "split_seed": 0
    },
    "model": {
      "name": "nemaq",
      "hidden": 64,
      "dropout": 0.5,
      "geometry": "hyperbolic",
      "quantum_mode": "pqc",
      "n_qubits": 4,
      "q_depth": 2,
      "branch_dim": 64,
      "fused_dim": 64,
      "fusion_mode": "residual",
      "curvature": 1.0,
      "learnable_curvature": true,
      "shots": null
    },
    "train": {
      "lr": 0.01,
      "weight_decay": 0.0005,
      "epochs": 500,
      "patience": 100,
      "aux_weight": 0.3,
      "aux_anneal": true
    },
    "deterministic": true,
    "device": "cuda"
  },
  "env": {
    "python": "3.12.13",
    "torch": "2.11.0+cu128",
    "torch_geometric": "2.8.0",
    "geoopt": "0.5.1",
    "pennylane": "0.45.1",
    "numpy": "2.0.2"
  },
  "metrics": {
    "val_acc": 0.5920000076293945,
    "test_acc": 0.5580000281333923,
    "test_macro_f1": 0.5292222617444264,
    "test_min_class_f1": 0.35051546391752575,
    "epochs_run": 127,
    "param_counts": {
      "total": 216799,
      "branch_geo": 100097,
      "branch_q": 6080,
      "branch_bypass": 95936
    },
    "learned_curvature": 1.0579646825790405
  },
  "telemetry_summary": {
    "geo": {
      "final_grad_var": 1.1138590139125881e-07,
      "min_grad_var": 1.2278167371704285e-09,
      "n_steps": 127
    },
    "q": {
      "final_grad_var": 3.305518347929137e-08,
      "min_grad_var": 3.209449594976377e-09,
      "n_steps": 127,
      "min_circuit_grad_var": 3.616212751467174e-08,
      "final_circuit_grad_var": 1.9628514564828947e-06,
      "h3_pass_relative": true,
      "h3_classical_reference_var": 5.399995561816695e-09
    },
    "bypass": {
      "final_grad_var": 2.5405617165574768e-08,
      "min_grad_var": 5.399995561816695e-09,
      "n_steps": 127
    }
  }
}