{
  "h4": {
    "geo": 0.3605221526852856,
    "q": -0.49143183238042343
  },
  "randomization": {
    "spearman_orig_vs_randomized": -0.10864374001822821,
    "passes": true
  }
}