{
  "timestamp": "2026-07-17T14:14:17",
  "git_hash": "8552c89899842578cb2b6e69d42600ba803a2bf4",
  "seed": 14,
  "config": {
    "data": {
      "name": "pubmed",
      "root": "data",
      "split": "public",
      "labels_per_class": 5,
      "split_seed": 0
    },
    "model": {
      "name": "nemaq",
      "hidden": 64,
      "dropout": 0.5,
      "geometry": "hyperbolic",
      "quantum_mode": "pqc",
      "n_qubits": 4,
      "q_depth": 2,
      "branch_dim": 64,
      "fused_dim": 64,
      "fusion_mode": "residual",
      "curvature": 1.0,
      "learnable_curvature": true,
      "shots": null
    },
    "train": {
      "lr": 0.01,
      "weight_decay": 0.0005,
      "epochs": 500,
      "patience": 100,
      "aux_weight": 0.3,
      "aux_anneal": true
    },
    "deterministic": true,
    "device": "cuda"
  },
  "env": {
    "python": "3.12.13",
    "torch": "2.11.0+cu128",
    "torch_geometric": "2.8.0",
    "geoopt": "0.5.1",
    "pennylane": "0.45.1",
    "numpy": "2.0.2"
  },
  "metrics": {
    "val_acc": 0.8080000281333923,
    "test_acc": 0.7820000648498535,
    "test_macro_f1": 0.7794880689357321,
    "test_min_class_f1": 0.7683923705722071,
    "epochs_run": 301,
    "param_counts": {
      "total": 92603,
      "branch_geo": 40385,
      "branch_q": 2348,
      "branch_bypass": 36224
    },
    "learned_curvature": 1.0922720432281494
  },
  "telemetry_summary": {
    "geo": {
      "final_grad_var": 1.1207487204956124e-06,
      "min_grad_var": 1.2535310567329816e-09,
      "n_steps": 301
    },
    "q": {
      "final_grad_var": 6.4591865189811415e-09,
      "min_grad_var": 4.0778651566597546e-09,
      "n_steps": 301,
      "min_circuit_grad_var": 9.307876247532931e-09,
      "final_circuit_grad_var": 7.198614326853203e-08,
      "h3_pass_relative": true,
      "h3_classical_reference_var": 4.459157487701759e-09
    },
    "bypass": {
      "final_grad_var": 4.472322956416974e-09,
      "min_grad_var": 4.459157487701759e-09,
      "n_steps": 301
    }
  }
}