{
  "h4": {
    "geo": 0.4372901957207723,
    "q": 0.3408250898489522
  },
  "randomization": {
    "spearman_orig_vs_randomized": 0.22820648572930652,
    "passes": true
  }
}