{
  "timestamp": "2026-07-17T13:53:10",
  "git_hash": "8552c89899842578cb2b6e69d42600ba803a2bf4",
  "seed": 19,
  "config": {
    "data": {
      "name": "cora",
      "root": "data",
      "split": "public",
      "labels_per_class": 5,
      "split_seed": 0
    },
    "model": {
      "name": "nemaq",
      "hidden": 64,
      "dropout": 0.5,
      "geometry": "hyperbolic",
      "quantum_mode": "pqc",
      "n_qubits": 4,
      "q_depth": 2,
      "branch_dim": 64,
      "fused_dim": 64,
      "fusion_mode": "residual",
      "curvature": 1.0,
      "learnable_curvature": true,
      "shots": null
    },
    "train": {
      "lr": 0.01,
      "weight_decay": 0.0005,
      "epochs": 500,
      "patience": 100,
      "aux_weight": 0.3,
      "aux_anneal": true
    },
    "deterministic": true,
    "device": "cuda"
  },
  "env": {
    "python": "3.12.13",
    "torch": "2.11.0+cu128",
    "torch_geometric": "2.8.0",
    "geoopt": "0.5.1",
    "pennylane": "0.45.1",
    "numpy": "2.0.2"
  },
  "metrics": {
    "val_acc": 0.6700000166893005,
    "test_acc": 0.6740000247955322,
    "test_macro_f1": 0.6720235149582541,
    "test_min_class_f1": 0.5784615384615385,
    "epochs_run": 130,
    "param_counts": {
      "total": 216799,
      "branch_geo": 100097,
      "branch_q": 6080,
      "branch_bypass": 95936
    },
    "learned_curvature": 1.105769395828247
  },
  "telemetry_summary": {
    "geo": {
      "final_grad_var": 2.3213103759189835e-06,
      "min_grad_var": 2.949153699027818e-10,
      "n_steps": 130
    },
    "q": {
      "final_grad_var": 3.714551155553636e-07,
      "min_grad_var": 6.376632555316064e-10,
      "n_steps": 130,
      "min_circuit_grad_var": 9.808374556996569e-09,
      "final_circuit_grad_var": 1.7782307622837834e-05,
      "h3_pass_relative": true,
      "h3_classical_reference_var": 1.4801253556129268e-09
    },
    "bypass": {
      "final_grad_var": 7.602704243936387e-09,
      "min_grad_var": 1.4801253556129268e-09,
      "n_steps": 130
    }
  }
}