{
  "timestamp": "2026-07-18T10:45:32",
  "git_hash": "369ebef41e018c586ccd1057124457a36999b56e",
  "seed": 15,
  "config": {
    "data": {
      "name": "citeseer",
      "root": "data",
      "split": "low_label",
      "labels_per_class": 5,
      "split_seed": 0
    },
    "model": {
      "name": "nemaq",
      "hidden": 64,
      "dropout": 0.5,
      "geometry": "hyperbolic",
      "quantum_mode": "pqc",
      "n_qubits": 4,
      "q_depth": 2,
      "branch_dim": 64,
      "fused_dim": 64,
      "fusion_mode": "residual",
      "curvature": 1.0,
      "learnable_curvature": true,
      "shots": null,
      "gate_bias_init": -4.0
    },
    "train": {
      "lr": 0.005,
      "weight_decay": 0.0005,
      "epochs": 500,
      "patience": 100,
      "aux_weight": 2.0,
      "aux_anneal": true
    },
    "deterministic": true,
    "device": "cuda"
  },
  "env": {
    "python": "3.12.13",
    "torch": "2.11.0+cu128",
    "torch_geometric": "2.8.0",
    "geoopt": "0.5.1",
    "pennylane": "0.45.1",
    "numpy": "2.0.2"
  },
  "metrics": {
    "val_acc": 0.4700000286102295,
    "test_acc": 0.4910000264644623,
    "test_macro_f1": 0.39627898002356393,
    "test_min_class_f1": 0.022727272727272728,
    "epochs_run": 139,
    "param_counts": {
      "total": 516179,
      "branch_geo": 245377,
      "branch_q": 15160,
      "branch_bypass": 241216
    },
    "learned_curvature": 0.9806550741195679
  },
  "telemetry_summary": {
    "geo": {
      "final_grad_var": 2.182606273493093e-08,
      "min_grad_var": 5.244171319418456e-09,
      "n_steps": 139
    },
    "q": {
      "final_grad_var": 6.030266952450347e-09,
      "min_grad_var": 6.030266952450347e-09,
      "n_steps": 139,
      "min_circuit_grad_var": 3.961276036079653e-07,
      "final_circuit_grad_var": 2.1728792489739135e-06,
      "h3_pass_relative": true,
      "h3_classical_reference_var": 8.312511567964975e-09
    },
    "bypass": {
      "final_grad_var": 3.493403255561134e-08,
      "min_grad_var": 8.312511567964975e-09,
      "n_steps": 139
    }
  }
}