{
  "timestamp": "2026-07-18T10:37:44",
  "git_hash": "369ebef41e018c586ccd1057124457a36999b56e",
  "seed": 13,
  "config": {
    "data": {
      "name": "cora",
      "root": "data",
      "split": "low_label",
      "labels_per_class": 5,
      "split_seed": 0
    },
    "model": {
      "name": "nemaq",
      "hidden": 64,
      "dropout": 0.5,
      "geometry": "hyperbolic",
      "quantum_mode": "pqc",
      "n_qubits": 4,
      "q_depth": 2,
      "branch_dim": 64,
      "fused_dim": 64,
      "fusion_mode": "residual",
      "curvature": 1.0,
      "learnable_curvature": true,
      "shots": null
    },
    "train": {
      "lr": 0.01,
      "weight_decay": 0.0005,
      "epochs": 500,
      "patience": 100,
      "aux_weight": 0.3,
      "aux_anneal": true
    },
    "deterministic": true,
    "device": "cuda"
  },
  "env": {
    "python": "3.12.13",
    "torch": "2.11.0+cu128",
    "torch_geometric": "2.8.0",
    "geoopt": "0.5.1",
    "pennylane": "0.45.1",
    "numpy": "2.0.2"
  },
  "metrics": {
    "val_acc": 0.6140000224113464,
    "test_acc": 0.6040000319480896,
    "test_macro_f1": 0.6044138933698614,
    "test_min_class_f1": 0.3352941176470588,
    "epochs_run": 190,
    "param_counts": {
      "total": 216799,
      "branch_geo": 100097,
      "branch_q": 6080,
      "branch_bypass": 95936
    },
    "learned_curvature": 0.7255856990814209
  },
  "telemetry_summary": {
    "geo": {
      "final_grad_var": 8.658115007165179e-07,
      "min_grad_var": 1.5696098865092267e-09,
      "n_steps": 190
    },
    "q": {
      "final_grad_var": 1.0884566847835231e-07,
      "min_grad_var": 1.7596701873401344e-09,
      "n_steps": 190,
      "min_circuit_grad_var": 1.6466618291133273e-08,
      "final_circuit_grad_var": 4.925881057715742e-06,
      "h3_pass_relative": true,
      "h3_classical_reference_var": 6.092761850595707e-09
    },
    "bypass": {
      "final_grad_var": 3.246584867611091e-08,
      "min_grad_var": 6.092761850595707e-09,
      "n_steps": 190
    }
  }
}