{
  "h4": {
    "geo": 0.7293727861252596,
    "q": 0.32971235265803794,
    "bypass": -0.05156093217966337
  },
  "randomization": {
    "spearman_orig_vs_randomized": 0.24485620345826603,
    "passes": true
  }
}