{
  "timestamp": "2026-07-17T14:49:15",
  "git_hash": "8552c89899842578cb2b6e69d42600ba803a2bf4",
  "seed": 19,
  "config": {
    "data": {
      "name": "cora",
      "root": "data",
      "split": "public",
      "labels_per_class": 5,
      "split_seed": 0
    },
    "model": {
      "name": "nemaq",
      "hidden": 64,
      "dropout": 0.5,
      "geometry": "hyperbolic",
      "quantum_mode": "pqc",
      "n_qubits": 4,
      "q_depth": 2,
      "branch_dim": 64,
      "fused_dim": 64,
      "fusion_mode": "softmax",
      "curvature": 1.0,
      "learnable_curvature": true,
      "shots": null
    },
    "train": {
      "lr": 0.01,
      "weight_decay": 0.0005,
      "epochs": 500,
      "patience": 100,
      "aux_weight": 0.3,
      "aux_anneal": true
    },
    "deterministic": true,
    "device": "cuda"
  },
  "env": {
    "python": "3.12.13",
    "torch": "2.11.0+cu128",
    "torch_geometric": "2.8.0",
    "geoopt": "0.5.1",
    "pennylane": "0.45.1",
    "numpy": "2.0.2"
  },
  "metrics": {
    "val_acc": 0.7380000352859497,
    "test_acc": 0.7440000176429749,
    "test_macro_f1": 0.7371909378528533,
    "test_min_class_f1": 0.6714801444043321,
    "epochs_run": 142,
    "param_counts": {
      "total": 216992,
      "branch_geo": 100097,
      "branch_q": 6080,
      "branch_bypass": 95936
    },
    "learned_curvature": 0.9827373027801514
  },
  "telemetry_summary": {
    "geo": {
      "final_grad_var": 4.774716799715861e-08,
      "min_grad_var": 2.5689879112889002e-09,
      "n_steps": 142
    },
    "q": {
      "final_grad_var": 1.517575128673343e-06,
      "min_grad_var": 1.3330376802400679e-09,
      "n_steps": 142,
      "min_circuit_grad_var": 2.040885149767746e-08,
      "final_circuit_grad_var": 7.443600770784542e-05,
      "h3_pass_relative": true,
      "h3_classical_reference_var": 2.5689879112889002e-09
    },
    "bypass": {
      "final_grad_var": 1.9838648768200073e-07,
      "min_grad_var": 3.6298924976918556e-10,
      "n_steps": 142
    }
  }
}