{
  "h4": {
    "geo": 0.05732307349504272,
    "q": 0.7772387972387973
  },
  "randomization": {
    "spearman_orig_vs_randomized": -0.12454862748566646,
    "passes": true
  }
}