{
  "timestamp": "2026-07-17T14:05:42",
  "git_hash": "8552c89899842578cb2b6e69d42600ba803a2bf4",
  "seed": 10,
  "config": {
    "data": {
      "name": "pubmed",
      "root": "data",
      "split": "public",
      "labels_per_class": 5,
      "split_seed": 0
    },
    "model": {
      "name": "nemaq",
      "hidden": 64,
      "dropout": 0.5,
      "geometry": "hyperbolic",
      "quantum_mode": "pqc",
      "n_qubits": 4,
      "q_depth": 2,
      "branch_dim": 64,
      "fused_dim": 64,
      "fusion_mode": "residual",
      "curvature": 1.0,
      "learnable_curvature": true,
      "shots": null
    },
    "train": {
      "lr": 0.01,
      "weight_decay": 0.0005,
      "epochs": 500,
      "patience": 100,
      "aux_weight": 0.3,
      "aux_anneal": true
    },
    "deterministic": true,
    "device": "cuda"
  },
  "env": {
    "python": "3.12.13",
    "torch": "2.11.0+cu128",
    "torch_geometric": "2.8.0",
    "geoopt": "0.5.1",
    "pennylane": "0.45.1",
    "numpy": "2.0.2"
  },
  "metrics": {
    "val_acc": 0.800000011920929,
    "test_acc": 0.7800000309944153,
    "test_macro_f1": 0.7784420408707313,
    "test_min_class_f1": 0.7715736040609137,
    "epochs_run": 299,
    "param_counts": {
      "total": 92603,
      "branch_geo": 40385,
      "branch_q": 2348,
      "branch_bypass": 36224
    },
    "learned_curvature": 1.265986442565918
  },
  "telemetry_summary": {
    "geo": {
      "final_grad_var": 7.10144512638955e-11,
      "min_grad_var": 7.10144512638955e-11,
      "n_steps": 299
    },
    "q": {
      "final_grad_var": 1.3184772384988719e-08,
      "min_grad_var": 3.8625787013302215e-09,
      "n_steps": 299,
      "min_circuit_grad_var": 4.081734950034388e-09,
      "final_circuit_grad_var": 2.248953734351744e-07,
      "h3_pass_relative": true,
      "h3_classical_reference_var": 4.4361492257394275e-09
    },
    "bypass": {
      "final_grad_var": 4.768642813957058e-09,
      "min_grad_var": 4.4361492257394275e-09,
      "n_steps": 299
    }
  }
}