{
  "timestamp": "2026-07-17T14:35:24",
  "git_hash": "8552c89899842578cb2b6e69d42600ba803a2bf4",
  "seed": 10,
  "config": {
    "data": {
      "name": "cora",
      "root": "data",
      "split": "public",
      "labels_per_class": 5,
      "split_seed": 0
    },
    "model": {
      "name": "nemaq",
      "hidden": 64,
      "dropout": 0.5,
      "geometry": "euclidean",
      "quantum_mode": "pqc",
      "n_qubits": 4,
      "q_depth": 2,
      "branch_dim": 64,
      "fused_dim": 64,
      "fusion_mode": "residual",
      "curvature": 1.0,
      "learnable_curvature": true,
      "shots": null
    },
    "train": {
      "lr": 0.01,
      "weight_decay": 0.0005,
      "epochs": 500,
      "patience": 100,
      "aux_weight": 0.3,
      "aux_anneal": true
    },
    "deterministic": true,
    "device": "cuda"
  },
  "env": {
    "python": "3.12.13",
    "torch": "2.11.0+cu128",
    "torch_geometric": "2.8.0",
    "geoopt": "0.5.1",
    "pennylane": "0.45.1",
    "numpy": "2.0.2"
  },
  "metrics": {
    "val_acc": 0.706000030040741,
    "test_acc": 0.7100000381469727,
    "test_macro_f1": 0.6868623844125077,
    "test_min_class_f1": 0.5549132947976878,
    "epochs_run": 178,
    "param_counts": {
      "total": 212638,
      "branch_geo": 95936,
      "branch_q": 6080,
      "branch_bypass": 95936
    }
  },
  "telemetry_summary": {
    "geo": {
      "final_grad_var": 9.056267735729762e-09,
      "min_grad_var": 3.467180362259903e-11,
      "n_steps": 178
    },
    "q": {
      "final_grad_var": 3.153736543026753e-07,
      "min_grad_var": 1.8369938903362026e-09,
      "n_steps": 178,
      "min_circuit_grad_var": 6.443890310237066e-09,
      "final_circuit_grad_var": 6.473580924648559e-06,
      "h3_pass_relative": true,
      "h3_classical_reference_var": 2.2246626762978394e-09
    },
    "bypass": {
      "final_grad_var": 1.9459982070202386e-08,
      "min_grad_var": 2.2246626762978394e-09,
      "n_steps": 178
    }
  }
}