{
  "timestamp": "2026-07-18T10:46:50",
  "git_hash": "369ebef41e018c586ccd1057124457a36999b56e",
  "seed": 17,
  "config": {
    "data": {
      "name": "citeseer",
      "root": "data",
      "split": "low_label",
      "labels_per_class": 5,
      "split_seed": 0
    },
    "model": {
      "name": "nemaq",
      "hidden": 64,
      "dropout": 0.5,
      "geometry": "hyperbolic",
      "quantum_mode": "pqc",
      "n_qubits": 4,
      "q_depth": 2,
      "branch_dim": 64,
      "fused_dim": 64,
      "fusion_mode": "residual",
      "curvature": 1.0,
      "learnable_curvature": true,
      "shots": null,
      "gate_bias_init": -4.0
    },
    "train": {
      "lr": 0.005,
      "weight_decay": 0.0005,
      "epochs": 500,
      "patience": 100,
      "aux_weight": 2.0,
      "aux_anneal": true
    },
    "deterministic": true,
    "device": "cuda"
  },
  "env": {
    "python": "3.12.13",
    "torch": "2.11.0+cu128",
    "torch_geometric": "2.8.0",
    "geoopt": "0.5.1",
    "pennylane": "0.45.1",
    "numpy": "2.0.2"
  },
  "metrics": {
    "val_acc": 0.5600000023841858,
    "test_acc": 0.5400000214576721,
    "test_macro_f1": 0.4794278879180041,
    "test_min_class_f1": 0.058823529411764705,
    "epochs_run": 338,
    "param_counts": {
      "total": 516179,
      "branch_geo": 245377,
      "branch_q": 15160,
      "branch_bypass": 241216
    },
    "learned_curvature": 0.8035336136817932
  },
  "telemetry_summary": {
    "geo": {
      "final_grad_var": 1.6547099335184612e-07,
      "min_grad_var": 1.353171574791645e-09,
      "n_steps": 338
    },
    "q": {
      "final_grad_var": 6.4802567756316876e-09,
      "min_grad_var": 3.6153788851578383e-09,
      "n_steps": 338,
      "min_circuit_grad_var": 2.0033718328704708e-07,
      "final_circuit_grad_var": 9.361140200780937e-07,
      "h3_pass_relative": true,
      "h3_classical_reference_var": 5.765629751408596e-09
    },
    "bypass": {
      "final_grad_var": 1.9744058832316114e-08,
      "min_grad_var": 5.765629751408596e-09,
      "n_steps": 338
    }
  }
}