{
  "timestamp": "2026-07-17T14:31:25",
  "git_hash": "8552c89899842578cb2b6e69d42600ba803a2bf4",
  "seed": 13,
  "config": {
    "data": {
      "name": "disease",
      "root": "data",
      "split": "ratio",
      "labels_per_class": 5,
      "split_seed": 0
    },
    "model": {
      "name": "nemaq",
      "hidden": 64,
      "dropout": 0.5,
      "geometry": "hyperbolic",
      "quantum_mode": "pqc",
      "n_qubits": 4,
      "q_depth": 2,
      "branch_dim": 64,
      "fused_dim": 64,
      "fusion_mode": "residual",
      "curvature": 1.0,
      "learnable_curvature": true,
      "shots": null,
      "gate_bias_init": -2.0
    },
    "train": {
      "lr": 0.05,
      "weight_decay": 0.0005,
      "epochs": 500,
      "patience": 200,
      "aux_weight": 0.3,
      "aux_anneal": true
    },
    "deterministic": true,
    "device": "cuda"
  },
  "env": {
    "python": "3.12.13",
    "torch": "2.11.0+cu128",
    "torch_geometric": "2.8.0",
    "geoopt": "0.5.1",
    "pennylane": "0.45.1",
    "numpy": "2.0.2"
  },
  "metrics": {
    "val_acc": 0.951923131942749,
    "test_acc": 0.9106857776641846,
    "test_macro_f1": 0.8663967611336032,
    "test_min_class_f1": 0.7894736842105263,
    "epochs_run": 361,
    "param_counts": {
      "total": 158343,
      "branch_geo": 72385,
      "branch_q": 4348,
      "branch_bypass": 68224
    },
    "learned_curvature": 0.9572252035140991
  },
  "telemetry_summary": {
    "geo": {
      "final_grad_var": 1.5203696591623017e-12,
      "min_grad_var": 6.403209126121245e-13,
      "n_steps": 361
    },
    "q": {
      "final_grad_var": 3.44213291767273e-13,
      "min_grad_var": 3.44213291767273e-13,
      "n_steps": 361,
      "min_circuit_grad_var": 3.741129381653642e-14,
      "final_circuit_grad_var": 1.0484176054441699e-13,
      "h3_pass_relative": false,
      "h3_classical_reference_var": 1.806666993786621e-08
    },
    "bypass": {
      "final_grad_var": 0.00017250317614525557,
      "min_grad_var": 1.806666993786621e-08,
      "n_steps": 361
    }
  }
}