{
  "timestamp": "2026-07-18T11:06:35",
  "git_hash": "369ebef41e018c586ccd1057124457a36999b56e",
  "seed": 18,
  "config": {
    "data": {
      "name": "pubmed",
      "root": "data",
      "split": "low_label",
      "labels_per_class": 5,
      "split_seed": 0
    },
    "model": {
      "name": "nemaq",
      "hidden": 64,
      "dropout": 0.5,
      "geometry": "hyperbolic",
      "quantum_mode": "pqc",
      "n_qubits": 4,
      "q_depth": 2,
      "branch_dim": 64,
      "fused_dim": 64,
      "fusion_mode": "residual",
      "curvature": 1.0,
      "learnable_curvature": true,
      "shots": null
    },
    "train": {
      "lr": 0.01,
      "weight_decay": 0.0005,
      "epochs": 500,
      "patience": 100,
      "aux_weight": 0.3,
      "aux_anneal": true
    },
    "deterministic": true,
    "device": "cuda"
  },
  "env": {
    "python": "3.12.13",
    "torch": "2.11.0+cu128",
    "torch_geometric": "2.8.0",
    "geoopt": "0.5.1",
    "pennylane": "0.45.1",
    "numpy": "2.0.2"
  },
  "metrics": {
    "val_acc": 0.7780000567436218,
    "test_acc": 0.7200000286102295,
    "test_macro_f1": 0.7121645405809649,
    "test_min_class_f1": 0.6736401673640168,
    "epochs_run": 244,
    "param_counts": {
      "total": 92603,
      "branch_geo": 40385,
      "branch_q": 2348,
      "branch_bypass": 36224
    },
    "learned_curvature": 1.0499645471572876
  },
  "telemetry_summary": {
    "geo": {
      "final_grad_var": 2.978254798335911e-08,
      "min_grad_var": 1.083459155726274e-10,
      "n_steps": 244
    },
    "q": {
      "final_grad_var": 8.008754548427532e-09,
      "min_grad_var": 2.6319519896844668e-09,
      "n_steps": 244,
      "min_circuit_grad_var": 2.5051454244362503e-08,
      "final_circuit_grad_var": 2.1176933273636678e-07,
      "h3_pass_relative": true,
      "h3_classical_reference_var": 1.536544447233723e-09
    },
    "bypass": {
      "final_grad_var": 1.2501872426184946e-08,
      "min_grad_var": 1.536544447233723e-09,
      "n_steps": 244
    }
  }
}