{
  "h4": {
    "geo": 0.6812011919482278,
    "q": 0.8323843659845543
  },
  "randomization": {
    "spearman_orig_vs_randomized": -0.30923898118661214,
    "passes": true
  }
}