{
  "timestamp": "2026-07-17T13:50:27",
  "git_hash": "8552c89899842578cb2b6e69d42600ba803a2bf4",
  "seed": 14,
  "config": {
    "data": {
      "name": "cora",
      "root": "data",
      "split": "public",
      "labels_per_class": 5,
      "split_seed": 0
    },
    "model": {
      "name": "nemaq",
      "hidden": 64,
      "dropout": 0.5,
      "geometry": "hyperbolic",
      "quantum_mode": "pqc",
      "n_qubits": 4,
      "q_depth": 2,
      "branch_dim": 64,
      "fused_dim": 64,
      "fusion_mode": "residual",
      "curvature": 1.0,
      "learnable_curvature": true,
      "shots": null
    },
    "train": {
      "lr": 0.01,
      "weight_decay": 0.0005,
      "epochs": 500,
      "patience": 100,
      "aux_weight": 0.3,
      "aux_anneal": true
    },
    "deterministic": true,
    "device": "cuda"
  },
  "env": {
    "python": "3.12.13",
    "torch": "2.11.0+cu128",
    "torch_geometric": "2.8.0",
    "geoopt": "0.5.1",
    "pennylane": "0.45.1",
    "numpy": "2.0.2"
  },
  "metrics": {
    "val_acc": 0.5820000171661377,
    "test_acc": 0.597000002861023,
    "test_macro_f1": 0.5897904404135005,
    "test_min_class_f1": 0.5244755244755245,
    "epochs_run": 147,
    "param_counts": {
      "total": 216799,
      "branch_geo": 100097,
      "branch_q": 6080,
      "branch_bypass": 95936
    },
    "learned_curvature": 0.9975525140762329
  },
  "telemetry_summary": {
    "geo": {
      "final_grad_var": 1.0967617072310532e-06,
      "min_grad_var": 3.2262506555191806e-10,
      "n_steps": 147
    },
    "q": {
      "final_grad_var": 3.158977435191446e-08,
      "min_grad_var": 1.276543093453597e-09,
      "n_steps": 147,
      "min_circuit_grad_var": 1.2014385930569915e-08,
      "final_circuit_grad_var": 1.354861296931631e-06,
      "h3_pass_relative": true,
      "h3_classical_reference_var": 1.0525582627707308e-09
    },
    "bypass": {
      "final_grad_var": 1.7244628836010634e-08,
      "min_grad_var": 1.0525582627707308e-09,
      "n_steps": 147
    }
  }
}