{
  "h4": {
    "geo": 0.767537388445225,
    "q": 0.6841604862654492
  },
  "randomization": {
    "spearman_orig_vs_randomized": 0.31521088924114904,
    "passes": true
  }
}