{
  "timestamp": "2026-07-18T11:13:40",
  "git_hash": "369ebef41e018c586ccd1057124457a36999b56e",
  "seed": 13,
  "config": {
    "data": {
      "name": "cora",
      "root": "data",
      "split": "public",
      "labels_per_class": 5,
      "split_seed": 0
    },
    "model": {
      "name": "nemaq",
      "hidden": 64,
      "dropout": 0.5,
      "geometry": "hyperbolic",
      "quantum_mode": "pqc",
      "n_qubits": 4,
      "q_depth": 2,
      "branch_dim": 64,
      "fused_dim": 64,
      "fusion_mode": "residual",
      "curvature": 1.0,
      "learnable_curvature": true,
      "shots": null,
      "angle_norm": "std"
    },
    "train": {
      "lr": 0.01,
      "weight_decay": 0.0005,
      "epochs": 500,
      "patience": 100,
      "aux_weight": 0.3,
      "aux_anneal": true
    },
    "deterministic": true,
    "device": "cuda"
  },
  "env": {
    "python": "3.12.13",
    "torch": "2.11.0+cu128",
    "torch_geometric": "2.8.0",
    "geoopt": "0.5.1",
    "pennylane": "0.45.1",
    "numpy": "2.0.2"
  },
  "metrics": {
    "val_acc": 0.3460000157356262,
    "test_acc": 0.31200000643730164,
    "test_macro_f1": 0.2884141479767743,
    "test_min_class_f1": 0.09195402298850575,
    "epochs_run": 191,
    "param_counts": {
      "total": 216799,
      "branch_geo": 100097,
      "branch_q": 6080,
      "branch_bypass": 95936
    },
    "learned_curvature": 0.8514513969421387
  },
  "telemetry_summary": {
    "geo": {
      "final_grad_var": 2.632930033996672e-07,
      "min_grad_var": 3.5091624051020176e-10,
      "n_steps": 191
    },
    "q": {
      "final_grad_var": 3.406630355584639e-08,
      "min_grad_var": 2.6035074540686765e-08,
      "n_steps": 191,
      "min_circuit_grad_var": 1.646827456625033e-07,
      "final_circuit_grad_var": 1.5178382000158308e-06,
      "h3_pass_relative": true,
      "h3_classical_reference_var": 2.8791937722871808e-09
    },
    "bypass": {
      "final_grad_var": 5.2884843171341345e-09,
      "min_grad_var": 2.8791937722871808e-09,
      "n_steps": 191
    }
  }
}