{
  "timestamp": "2026-07-18T11:14:06",
  "git_hash": "369ebef41e018c586ccd1057124457a36999b56e",
  "seed": 14,
  "config": {
    "data": {
      "name": "cora",
      "root": "data",
      "split": "public",
      "labels_per_class": 5,
      "split_seed": 0
    },
    "model": {
      "name": "nemaq",
      "hidden": 64,
      "dropout": 0.5,
      "geometry": "hyperbolic",
      "quantum_mode": "pqc",
      "n_qubits": 4,
      "q_depth": 2,
      "branch_dim": 64,
      "fused_dim": 64,
      "fusion_mode": "residual",
      "curvature": 1.0,
      "learnable_curvature": true,
      "shots": null,
      "angle_norm": "std"
    },
    "train": {
      "lr": 0.01,
      "weight_decay": 0.0005,
      "epochs": 500,
      "patience": 100,
      "aux_weight": 0.3,
      "aux_anneal": true
    },
    "deterministic": true,
    "device": "cuda"
  },
  "env": {
    "python": "3.12.13",
    "torch": "2.11.0+cu128",
    "torch_geometric": "2.8.0",
    "geoopt": "0.5.1",
    "pennylane": "0.45.1",
    "numpy": "2.0.2"
  },
  "metrics": {
    "val_acc": 0.4000000059604645,
    "test_acc": 0.36500000953674316,
    "test_macro_f1": 0.3593883767127949,
    "test_min_class_f1": 0.25906735751295334,
    "epochs_run": 173,
    "param_counts": {
      "total": 216799,
      "branch_geo": 100097,
      "branch_q": 6080,
      "branch_bypass": 95936
    },
    "learned_curvature": 1.0721023082733154
  },
  "telemetry_summary": {
    "geo": {
      "final_grad_var": 9.309464310547355e-11,
      "min_grad_var": 9.277344170666169e-11,
      "n_steps": 173
    },
    "q": {
      "final_grad_var": 4.518134346653824e-07,
      "min_grad_var": 1.0942426342808176e-07,
      "n_steps": 173,
      "min_circuit_grad_var": 1.9999261269276758e-07,
      "final_circuit_grad_var": 6.939101695024874e-06,
      "h3_pass_relative": true,
      "h3_classical_reference_var": 1.0808273165352489e-09
    },
    "bypass": {
      "final_grad_var": 2.7940513902535713e-08,
      "min_grad_var": 1.0808273165352489e-09,
      "n_steps": 173
    }
  }
}