{
  "h4": {
    "geo": 0.6794420828461413,
    "q": 0.5457138281109156,
    "bypass": -0.11327162734940598
  },
  "randomization": {
    "spearman_orig_vs_randomized": -0.00612657546760709,
    "passes": true
  }
}