{
  "timestamp": "2026-07-17T14:52:36",
  "git_hash": "8552c89899842578cb2b6e69d42600ba803a2bf4",
  "seed": 19,
  "config": {
    "data": {
      "name": "citeseer",
      "root": "data",
      "split": "public",
      "labels_per_class": 5,
      "split_seed": 0
    },
    "model": {
      "name": "nemaq",
      "hidden": 64,
      "dropout": 0.5,
      "geometry": "euclidean",
      "quantum_mode": "pqc",
      "n_qubits": 4,
      "q_depth": 2,
      "branch_dim": 64,
      "fused_dim": 64,
      "fusion_mode": "residual",
      "curvature": 1.0,
      "learnable_curvature": true,
      "shots": null,
      "gate_bias_init": -4.0
    },
    "train": {
      "lr": 0.005,
      "weight_decay": 0.0005,
      "epochs": 500,
      "patience": 100,
      "aux_weight": 2.0,
      "aux_anneal": true
    },
    "deterministic": true,
    "device": "cuda"
  },
  "env": {
    "python": "3.12.13",
    "torch": "2.11.0+cu128",
    "torch_geometric": "2.8.0",
    "geoopt": "0.5.1",
    "pennylane": "0.45.1",
    "numpy": "2.0.2"
  },
  "metrics": {
    "val_acc": 0.6340000033378601,
    "test_acc": 0.6310000419616699,
    "test_macro_f1": 0.6041932760060885,
    "test_min_class_f1": 0.3352601156069364,
    "epochs_run": 196,
    "param_counts": {
      "total": 512018,
      "branch_geo": 241216,
      "branch_q": 15160,
      "branch_bypass": 241216
    }
  },
  "telemetry_summary": {
    "geo": {
      "final_grad_var": 1.124830646404007e-07,
      "min_grad_var": 1.6296224369938273e-09,
      "n_steps": 196
    },
    "q": {
      "final_grad_var": 2.3792026127011923e-08,
      "min_grad_var": 1.069351185378764e-08,
      "n_steps": 196,
      "min_circuit_grad_var": 1.2719570463559648e-07,
      "final_circuit_grad_var": 4.005277787655359e-06,
      "h3_pass_relative": true,
      "h3_classical_reference_var": 2.8644302485503204e-09
    },
    "bypass": {
      "final_grad_var": 3.666358594500707e-08,
      "min_grad_var": 2.8644302485503204e-09,
      "n_steps": 196
    }
  }
}