{
  "timestamp": "2026-07-17T15:28:14",
  "git_hash": "8552c89899842578cb2b6e69d42600ba803a2bf4",
  "seed": 13,
  "config": {
    "data": {
      "name": "disease",
      "root": "data",
      "split": "ratio",
      "labels_per_class": 5,
      "split_seed": 0
    },
    "model": {
      "name": "nemaq",
      "hidden": 64,
      "dropout": 0.5,
      "geometry": "euclidean",
      "quantum_mode": "pqc",
      "n_qubits": 4,
      "q_depth": 2,
      "branch_dim": 64,
      "fused_dim": 64,
      "fusion_mode": "residual",
      "curvature": 1.0,
      "learnable_curvature": true,
      "shots": null,
      "gate_bias_init": -2.0
    },
    "train": {
      "lr": 0.05,
      "weight_decay": 0.0005,
      "epochs": 500,
      "patience": 200,
      "aux_weight": 0.3,
      "aux_anneal": true
    },
    "deterministic": true,
    "device": "cuda"
  },
  "env": {
    "python": "3.12.13",
    "torch": "2.11.0+cu128",
    "torch_geometric": "2.8.0",
    "geoopt": "0.5.1",
    "pennylane": "0.45.1",
    "numpy": "2.0.2"
  },
  "metrics": {
    "val_acc": 0.942307710647583,
    "test_acc": 0.9043062329292297,
    "test_macro_f1": 0.8322093770070649,
    "test_min_class_f1": 0.7222222222222222,
    "epochs_run": 257,
    "param_counts": {
      "total": 154182,
      "branch_geo": 68224,
      "branch_q": 4348,
      "branch_bypass": 68224
    }
  },
  "telemetry_summary": {
    "geo": {
      "final_grad_var": 4.407339826428824e-09,
      "min_grad_var": 4.1442971592724285e-15,
      "n_steps": 257
    },
    "q": {
      "final_grad_var": 3.077396115713782e-08,
      "min_grad_var": 8.344403390481148e-09,
      "n_steps": 257,
      "min_circuit_grad_var": 1.3901097872803803e-07,
      "final_circuit_grad_var": 3.0808498650003457e-06,
      "h3_pass_relative": true,
      "h3_classical_reference_var": 5.4924564896197126e-11
    },
    "bypass": {
      "final_grad_var": 5.4924564896197126e-11,
      "min_grad_var": 5.4924564896197126e-11,
      "n_steps": 257
    }
  }
}