{
  "h4": {
    "geo": 0.5328364552304927,
    "q": 0.7274085325018861
  },
  "randomization": {
    "spearman_orig_vs_randomized": 0.16448389527779206,
    "passes": true
  }
}