{
  "timestamp": "2026-07-18T11:04:34",
  "git_hash": "369ebef41e018c586ccd1057124457a36999b56e",
  "seed": 17,
  "config": {
    "data": {
      "name": "pubmed",
      "root": "data",
      "split": "low_label",
      "labels_per_class": 5,
      "split_seed": 0
    },
    "model": {
      "name": "nemaq",
      "hidden": 64,
      "dropout": 0.5,
      "geometry": "hyperbolic",
      "quantum_mode": "pqc",
      "n_qubits": 4,
      "q_depth": 2,
      "branch_dim": 64,
      "fused_dim": 64,
      "fusion_mode": "residual",
      "curvature": 1.0,
      "learnable_curvature": true,
      "shots": null
    },
    "train": {
      "lr": 0.01,
      "weight_decay": 0.0005,
      "epochs": 500,
      "patience": 100,
      "aux_weight": 0.3,
      "aux_anneal": true
    },
    "deterministic": true,
    "device": "cuda"
  },
  "env": {
    "python": "3.12.13",
    "torch": "2.11.0+cu128",
    "torch_geometric": "2.8.0",
    "geoopt": "0.5.1",
    "pennylane": "0.45.1",
    "numpy": "2.0.2"
  },
  "metrics": {
    "val_acc": 0.7800000309944153,
    "test_acc": 0.7470000386238098,
    "test_macro_f1": 0.7378855690461563,
    "test_min_class_f1": 0.6833578792341679,
    "epochs_run": 319,
    "param_counts": {
      "total": 92603,
      "branch_geo": 40385,
      "branch_q": 2348,
      "branch_bypass": 36224
    },
    "learned_curvature": 1.1430257558822632
  },
  "telemetry_summary": {
    "geo": {
      "final_grad_var": 8.047663646593151e-10,
      "min_grad_var": 3.835378542538237e-11,
      "n_steps": 319
    },
    "q": {
      "final_grad_var": 4.8241695083106606e-08,
      "min_grad_var": 5.134933367401118e-09,
      "n_steps": 319,
      "min_circuit_grad_var": 2.8895334125422778e-08,
      "final_circuit_grad_var": 5.617853275907692e-07,
      "h3_pass_relative": true,
      "h3_classical_reference_var": 1.3919898567138489e-09
    },
    "bypass": {
      "final_grad_var": 1.059681054016437e-08,
      "min_grad_var": 1.3919898567138489e-09,
      "n_steps": 319
    }
  }
}