{
  "h4": {
    "geo": 0.588082351846599,
    "q": 0.7772501492501492
  },
  "randomization": {
    "spearman_orig_vs_randomized": 0.18203126483486332,
    "passes": true
  }
}