{
  "timestamp": "2026-07-17T14:16:14",
  "git_hash": "8552c89899842578cb2b6e69d42600ba803a2bf4",
  "seed": 15,
  "config": {
    "data": {
      "name": "pubmed",
      "root": "data",
      "split": "public",
      "labels_per_class": 5,
      "split_seed": 0
    },
    "model": {
      "name": "nemaq",
      "hidden": 64,
      "dropout": 0.5,
      "geometry": "hyperbolic",
      "quantum_mode": "pqc",
      "n_qubits": 4,
      "q_depth": 2,
      "branch_dim": 64,
      "fused_dim": 64,
      "fusion_mode": "residual",
      "curvature": 1.0,
      "learnable_curvature": true,
      "shots": null
    },
    "train": {
      "lr": 0.01,
      "weight_decay": 0.0005,
      "epochs": 500,
      "patience": 100,
      "aux_weight": 0.3,
      "aux_anneal": true
    },
    "deterministic": true,
    "device": "cuda"
  },
  "env": {
    "python": "3.12.13",
    "torch": "2.11.0+cu128",
    "torch_geometric": "2.8.0",
    "geoopt": "0.5.1",
    "pennylane": "0.45.1",
    "numpy": "2.0.2"
  },
  "metrics": {
    "val_acc": 0.7980000376701355,
    "test_acc": 0.7770000100135803,
    "test_macro_f1": 0.7733111120938082,
    "test_min_class_f1": 0.7582417582417582,
    "epochs_run": 235,
    "param_counts": {
      "total": 92603,
      "branch_geo": 40385,
      "branch_q": 2348,
      "branch_bypass": 36224
    },
    "learned_curvature": 1.2487177848815918
  },
  "telemetry_summary": {
    "geo": {
      "final_grad_var": 1.5892501759040556e-09,
      "min_grad_var": 7.980585081668323e-10,
      "n_steps": 235
    },
    "q": {
      "final_grad_var": 7.4208044154033814e-09,
      "min_grad_var": 3.874494503008918e-09,
      "n_steps": 235,
      "min_circuit_grad_var": 2.8510622751554138e-09,
      "final_circuit_grad_var": 9.6720391695726e-08,
      "h3_pass_relative": true,
      "h3_classical_reference_var": 6.044765132884322e-09
    },
    "bypass": {
      "final_grad_var": 1.4695038963452589e-08,
      "min_grad_var": 6.044765132884322e-09,
      "n_steps": 235
    }
  }
}