{
  "timestamp": "2026-07-17T15:00:04",
  "git_hash": "8552c89899842578cb2b6e69d42600ba803a2bf4",
  "seed": 10,
  "config": {
    "data": {
      "name": "pubmed",
      "root": "data",
      "split": "public",
      "labels_per_class": 5,
      "split_seed": 0
    },
    "model": {
      "name": "nemaq",
      "hidden": 64,
      "dropout": 0.5,
      "geometry": "euclidean",
      "quantum_mode": "pqc",
      "n_qubits": 4,
      "q_depth": 2,
      "branch_dim": 64,
      "fused_dim": 64,
      "fusion_mode": "residual",
      "curvature": 1.0,
      "learnable_curvature": true,
      "shots": null
    },
    "train": {
      "lr": 0.01,
      "weight_decay": 0.0005,
      "epochs": 500,
      "patience": 100,
      "aux_weight": 0.3,
      "aux_anneal": true
    },
    "deterministic": true,
    "device": "cuda"
  },
  "env": {
    "python": "3.12.13",
    "torch": "2.11.0+cu128",
    "torch_geometric": "2.8.0",
    "geoopt": "0.5.1",
    "pennylane": "0.45.1",
    "numpy": "2.0.2"
  },
  "metrics": {
    "val_acc": 0.796000063419342,
    "test_acc": 0.7690000534057617,
    "test_macro_f1": 0.7701461010733311,
    "test_min_class_f1": 0.7528809218950064,
    "epochs_run": 202,
    "param_counts": {
      "total": 88442,
      "branch_geo": 36224,
      "branch_q": 2348,
      "branch_bypass": 36224
    }
  },
  "telemetry_summary": {
    "geo": {
      "final_grad_var": 2.0610325890402237e-08,
      "min_grad_var": 2.3673468740881276e-10,
      "n_steps": 202
    },
    "q": {
      "final_grad_var": 1.9575342236066717e-08,
      "min_grad_var": 1.5567270805760813e-09,
      "n_steps": 202,
      "min_circuit_grad_var": 1.587147835380165e-08,
      "final_circuit_grad_var": 5.390090791479452e-07,
      "h3_pass_relative": true,
      "h3_classical_reference_var": 7.393095469154787e-09
    },
    "bypass": {
      "final_grad_var": 1.098406698929466e-08,
      "min_grad_var": 7.393095469154787e-09,
      "n_steps": 202
    }
  }
}