{
  "h4": {
    "geo": 0.7877838677838678,
    "q": 0.3038868278868279
  },
  "randomization": {
    "spearman_orig_vs_randomized": -0.08662121029117684,
    "passes": true
  }
}