{
  "timestamp": "2026-07-18T11:01:54",
  "git_hash": "369ebef41e018c586ccd1057124457a36999b56e",
  "seed": 16,
  "config": {
    "data": {
      "name": "pubmed",
      "root": "data",
      "split": "low_label",
      "labels_per_class": 5,
      "split_seed": 0
    },
    "model": {
      "name": "nemaq",
      "hidden": 64,
      "dropout": 0.5,
      "geometry": "hyperbolic",
      "quantum_mode": "pqc",
      "n_qubits": 4,
      "q_depth": 2,
      "branch_dim": 64,
      "fused_dim": 64,
      "fusion_mode": "residual",
      "curvature": 1.0,
      "learnable_curvature": true,
      "shots": null
    },
    "train": {
      "lr": 0.01,
      "weight_decay": 0.0005,
      "epochs": 500,
      "patience": 100,
      "aux_weight": 0.3,
      "aux_anneal": true
    },
    "deterministic": true,
    "device": "cuda"
  },
  "env": {
    "python": "3.12.13",
    "torch": "2.11.0+cu128",
    "torch_geometric": "2.8.0",
    "geoopt": "0.5.1",
    "pennylane": "0.45.1",
    "numpy": "2.0.2"
  },
  "metrics": {
    "val_acc": 0.7760000228881836,
    "test_acc": 0.7450000643730164,
    "test_macro_f1": 0.7385893974345531,
    "test_min_class_f1": 0.6903409090909091,
    "epochs_run": 282,
    "param_counts": {
      "total": 92603,
      "branch_geo": 40385,
      "branch_q": 2348,
      "branch_bypass": 36224
    },
    "learned_curvature": 1.0149550437927246
  },
  "telemetry_summary": {
    "geo": {
      "final_grad_var": 8.062640688422107e-08,
      "min_grad_var": 5.083293855290272e-11,
      "n_steps": 282
    },
    "q": {
      "final_grad_var": 2.6443741418802347e-08,
      "min_grad_var": 5.468921426832196e-10,
      "n_steps": 282,
      "min_circuit_grad_var": 4.201346381904614e-09,
      "final_circuit_grad_var": 2.4773203222139273e-07,
      "h3_pass_relative": true,
      "h3_classical_reference_var": 1.2414397287940915e-09
    },
    "bypass": {
      "final_grad_var": 1.1844579539399547e-08,
      "min_grad_var": 1.2414397287940915e-09,
      "n_steps": 282
    }
  }
}