{
  "h4": {
    "geo": 0.000770160758142087,
    "q": 0.9886753621518902
  },
  "randomization": {
    "spearman_orig_vs_randomized": -0.3867408548937896,
    "passes": true
  }
}