{
  "timestamp": "2026-07-17T14:30:38",
  "git_hash": "8552c89899842578cb2b6e69d42600ba803a2bf4",
  "seed": 12,
  "config": {
    "data": {
      "name": "disease",
      "root": "data",
      "split": "ratio",
      "labels_per_class": 5,
      "split_seed": 0
    },
    "model": {
      "name": "nemaq",
      "hidden": 64,
      "dropout": 0.5,
      "geometry": "hyperbolic",
      "quantum_mode": "pqc",
      "n_qubits": 4,
      "q_depth": 2,
      "branch_dim": 64,
      "fused_dim": 64,
      "fusion_mode": "residual",
      "curvature": 1.0,
      "learnable_curvature": true,
      "shots": null,
      "gate_bias_init": -2.0
    },
    "train": {
      "lr": 0.05,
      "weight_decay": 0.0005,
      "epochs": 500,
      "patience": 200,
      "aux_weight": 0.3,
      "aux_anneal": true
    },
    "deterministic": true,
    "device": "cuda"
  },
  "env": {
    "python": "3.12.13",
    "torch": "2.11.0+cu128",
    "torch_geometric": "2.8.0",
    "geoopt": "0.5.1",
    "pennylane": "0.45.1",
    "numpy": "2.0.2"
  },
  "metrics": {
    "val_acc": 0.942307710647583,
    "test_acc": 0.9074959754943848,
    "test_macro_f1": 0.8412685941755709,
    "test_min_class_f1": 0.7387387387387387,
    "epochs_run": 307,
    "param_counts": {
      "total": 158343,
      "branch_geo": 72385,
      "branch_q": 4348,
      "branch_bypass": 68224
    },
    "learned_curvature": 1.7283698320388794
  },
  "telemetry_summary": {
    "geo": {
      "final_grad_var": 1.2463650988017716e-12,
      "min_grad_var": 1.242639129615808e-12,
      "n_steps": 307
    },
    "q": {
      "final_grad_var": 2.455088576880371e-08,
      "min_grad_var": 3.513522361942023e-09,
      "n_steps": 307,
      "min_circuit_grad_var": 5.39615996331122e-08,
      "final_circuit_grad_var": 2.0299269181123236e-06,
      "h3_pass_relative": true,
      "h3_classical_reference_var": 1.1541095856770767e-10
    },
    "bypass": {
      "final_grad_var": 6.917416639495855e-10,
      "min_grad_var": 1.1541095856770767e-10,
      "n_steps": 307
    }
  }
}