{
  "timestamp": "2026-07-17T15:27:06",
  "git_hash": "8552c89899842578cb2b6e69d42600ba803a2bf4",
  "seed": 10,
  "config": {
    "data": {
      "name": "disease",
      "root": "data",
      "split": "ratio",
      "labels_per_class": 5,
      "split_seed": 0
    },
    "model": {
      "name": "nemaq",
      "hidden": 64,
      "dropout": 0.5,
      "geometry": "euclidean",
      "quantum_mode": "pqc",
      "n_qubits": 4,
      "q_depth": 2,
      "branch_dim": 64,
      "fused_dim": 64,
      "fusion_mode": "residual",
      "curvature": 1.0,
      "learnable_curvature": true,
      "shots": null,
      "gate_bias_init": -2.0
    },
    "train": {
      "lr": 0.05,
      "weight_decay": 0.0005,
      "epochs": 500,
      "patience": 200,
      "aux_weight": 0.3,
      "aux_anneal": true
    },
    "deterministic": true,
    "device": "cuda"
  },
  "env": {
    "python": "3.12.13",
    "torch": "2.11.0+cu128",
    "torch_geometric": "2.8.0",
    "geoopt": "0.5.1",
    "pennylane": "0.45.1",
    "numpy": "2.0.2"
  },
  "metrics": {
    "val_acc": 0.951923131942749,
    "test_acc": 0.9266347289085388,
    "test_macro_f1": 0.8836866047231902,
    "test_min_class_f1": 0.8130081300813008,
    "epochs_run": 445,
    "param_counts": {
      "total": 154182,
      "branch_geo": 68224,
      "branch_q": 4348,
      "branch_bypass": 68224
    }
  },
  "telemetry_summary": {
    "geo": {
      "final_grad_var": 2.796438829536841e-15,
      "min_grad_var": 4.304363026722993e-17,
      "n_steps": 445
    },
    "q": {
      "final_grad_var": 2.7022559655822146e-15,
      "min_grad_var": 2.7022559655822146e-15,
      "n_steps": 445,
      "min_circuit_grad_var": 4.8303997757790425e-15,
      "final_circuit_grad_var": 4.8303997757790425e-15,
      "h3_pass_relative": false,
      "h3_classical_reference_var": 9.15877183121916e-13
    },
    "bypass": {
      "final_grad_var": 8.165899068046656e-10,
      "min_grad_var": 9.15877183121916e-13,
      "n_steps": 445
    }
  }
}