{
  "timestamp": "2026-07-17T14:46:53",
  "git_hash": "8552c89899842578cb2b6e69d42600ba803a2bf4",
  "seed": 13,
  "config": {
    "data": {
      "name": "cora",
      "root": "data",
      "split": "public",
      "labels_per_class": 5,
      "split_seed": 0
    },
    "model": {
      "name": "nemaq",
      "hidden": 64,
      "dropout": 0.5,
      "geometry": "hyperbolic",
      "quantum_mode": "pqc",
      "n_qubits": 4,
      "q_depth": 2,
      "branch_dim": 64,
      "fused_dim": 64,
      "fusion_mode": "softmax",
      "curvature": 1.0,
      "learnable_curvature": true,
      "shots": null
    },
    "train": {
      "lr": 0.01,
      "weight_decay": 0.0005,
      "epochs": 500,
      "patience": 100,
      "aux_weight": 0.3,
      "aux_anneal": true
    },
    "deterministic": true,
    "device": "cuda"
  },
  "env": {
    "python": "3.12.13",
    "torch": "2.11.0+cu128",
    "torch_geometric": "2.8.0",
    "geoopt": "0.5.1",
    "pennylane": "0.45.1",
    "numpy": "2.0.2"
  },
  "metrics": {
    "val_acc": 0.7580000162124634,
    "test_acc": 0.7610000371932983,
    "test_macro_f1": 0.7512869139260826,
    "test_min_class_f1": 0.6324110671936759,
    "epochs_run": 140,
    "param_counts": {
      "total": 216992,
      "branch_geo": 100097,
      "branch_q": 6080,
      "branch_bypass": 95936
    },
    "learned_curvature": 1.0039808750152588
  },
  "telemetry_summary": {
    "geo": {
      "final_grad_var": 2.298800609423779e-05,
      "min_grad_var": 2.1312784870275436e-09,
      "n_steps": 140
    },
    "q": {
      "final_grad_var": 6.618133596703046e-08,
      "min_grad_var": 2.6721944657026597e-09,
      "n_steps": 140,
      "min_circuit_grad_var": 2.9517724375871524e-10,
      "final_circuit_grad_var": 2.5099111553572584e-06,
      "h3_pass_relative": true,
      "h3_classical_reference_var": 2.1312784870275436e-09
    },
    "bypass": {
      "final_grad_var": 4.059064906414278e-08,
      "min_grad_var": 1.4005457904531227e-10,
      "n_steps": 140
    }
  }
}