{
  "timestamp": "2026-07-17T14:20:38",
  "git_hash": "8552c89899842578cb2b6e69d42600ba803a2bf4",
  "seed": 17,
  "config": {
    "data": {
      "name": "pubmed",
      "root": "data",
      "split": "public",
      "labels_per_class": 5,
      "split_seed": 0
    },
    "model": {
      "name": "nemaq",
      "hidden": 64,
      "dropout": 0.5,
      "geometry": "hyperbolic",
      "quantum_mode": "pqc",
      "n_qubits": 4,
      "q_depth": 2,
      "branch_dim": 64,
      "fused_dim": 64,
      "fusion_mode": "residual",
      "curvature": 1.0,
      "learnable_curvature": true,
      "shots": null
    },
    "train": {
      "lr": 0.01,
      "weight_decay": 0.0005,
      "epochs": 500,
      "patience": 100,
      "aux_weight": 0.3,
      "aux_anneal": true
    },
    "deterministic": true,
    "device": "cuda"
  },
  "env": {
    "python": "3.12.13",
    "torch": "2.11.0+cu128",
    "torch_geometric": "2.8.0",
    "geoopt": "0.5.1",
    "pennylane": "0.45.1",
    "numpy": "2.0.2"
  },
  "metrics": {
    "val_acc": 0.800000011920929,
    "test_acc": 0.784000039100647,
    "test_macro_f1": 0.7843119098077566,
    "test_min_class_f1": 0.7660130718954249,
    "epochs_run": 220,
    "param_counts": {
      "total": 92603,
      "branch_geo": 40385,
      "branch_q": 2348,
      "branch_bypass": 36224
    },
    "learned_curvature": 1.1420269012451172
  },
  "telemetry_summary": {
    "geo": {
      "final_grad_var": 1.2328034593167558e-08,
      "min_grad_var": 9.091752350975923e-10,
      "n_steps": 220
    },
    "q": {
      "final_grad_var": 8.931454686944562e-09,
      "min_grad_var": 8.931454686944562e-09,
      "n_steps": 220,
      "min_circuit_grad_var": 2.9946168211836266e-08,
      "final_circuit_grad_var": 2.4813346044538775e-07,
      "h3_pass_relative": true,
      "h3_classical_reference_var": 8.79317418878145e-09
    },
    "bypass": {
      "final_grad_var": 2.1795292681758838e-08,
      "min_grad_var": 8.79317418878145e-09,
      "n_steps": 220
    }
  }
}