{
  "h4": {
    "geo": 0.06646652426876573,
    "q": 0.36881768197349046
  },
  "randomization": {
    "spearman_orig_vs_randomized": -0.48871008523634085,
    "passes": true
  }
}