{
  "timestamp": "2026-07-17T14:35:00",
  "git_hash": "8552c89899842578cb2b6e69d42600ba803a2bf4",
  "seed": 19,
  "config": {
    "data": {
      "name": "disease",
      "root": "data",
      "split": "ratio",
      "labels_per_class": 5,
      "split_seed": 0
    },
    "model": {
      "name": "nemaq",
      "hidden": 64,
      "dropout": 0.5,
      "geometry": "hyperbolic",
      "quantum_mode": "pqc",
      "n_qubits": 4,
      "q_depth": 2,
      "branch_dim": 64,
      "fused_dim": 64,
      "fusion_mode": "residual",
      "curvature": 1.0,
      "learnable_curvature": true,
      "shots": null,
      "gate_bias_init": -2.0
    },
    "train": {
      "lr": 0.05,
      "weight_decay": 0.0005,
      "epochs": 500,
      "patience": 200,
      "aux_weight": 0.3,
      "aux_anneal": true
    },
    "deterministic": true,
    "device": "cuda"
  },
  "env": {
    "python": "3.12.13",
    "torch": "2.11.0+cu128",
    "torch_geometric": "2.8.0",
    "geoopt": "0.5.1",
    "pennylane": "0.45.1",
    "numpy": "2.0.2"
  },
  "metrics": {
    "val_acc": 0.9230769872665405,
    "test_acc": 0.8979266285896301,
    "test_macro_f1": 0.8096394686907021,
    "test_min_class_f1": 0.68,
    "epochs_run": 290,
    "param_counts": {
      "total": 158343,
      "branch_geo": 72385,
      "branch_q": 4348,
      "branch_bypass": 68224
    },
    "learned_curvature": 1.176669716835022
  },
  "telemetry_summary": {
    "geo": {
      "final_grad_var": 3.536114803748269e-11,
      "min_grad_var": 5.892228436936431e-13,
      "n_steps": 290
    },
    "q": {
      "final_grad_var": 5.5781920749176095e-11,
      "min_grad_var": 5.290996460405317e-11,
      "n_steps": 290,
      "min_circuit_grad_var": 2.2577080205365974e-09,
      "final_circuit_grad_var": 4.634032713113356e-09,
      "h3_pass_relative": true,
      "h3_classical_reference_var": 1.2515288284886683e-12
    },
    "bypass": {
      "final_grad_var": 1.3022059819345344e-10,
      "min_grad_var": 1.2515288284886683e-12,
      "n_steps": 290
    }
  }
}