{
  "timestamp": "2026-07-17T15:30:14",
  "git_hash": "8552c89899842578cb2b6e69d42600ba803a2bf4",
  "seed": 18,
  "config": {
    "data": {
      "name": "disease",
      "root": "data",
      "split": "ratio",
      "labels_per_class": 5,
      "split_seed": 0
    },
    "model": {
      "name": "nemaq",
      "hidden": 64,
      "dropout": 0.5,
      "geometry": "euclidean",
      "quantum_mode": "pqc",
      "n_qubits": 4,
      "q_depth": 2,
      "branch_dim": 64,
      "fused_dim": 64,
      "fusion_mode": "residual",
      "curvature": 1.0,
      "learnable_curvature": true,
      "shots": null,
      "gate_bias_init": -2.0
    },
    "train": {
      "lr": 0.05,
      "weight_decay": 0.0005,
      "epochs": 500,
      "patience": 200,
      "aux_weight": 0.3,
      "aux_anneal": true
    },
    "deterministic": true,
    "device": "cuda"
  },
  "env": {
    "python": "3.12.13",
    "torch": "2.11.0+cu128",
    "torch_geometric": "2.8.0",
    "geoopt": "0.5.1",
    "pennylane": "0.45.1",
    "numpy": "2.0.2"
  },
  "metrics": {
    "val_acc": 0.942307710647583,
    "test_acc": 0.9090908765792847,
    "test_macro_f1": 0.8411804700727462,
    "test_min_class_f1": 0.7373271889400922,
    "epochs_run": 271,
    "param_counts": {
      "total": 154182,
      "branch_geo": 68224,
      "branch_q": 4348,
      "branch_bypass": 68224
    }
  },
  "telemetry_summary": {
    "geo": {
      "final_grad_var": 1.4540812672859948e-13,
      "min_grad_var": 6.93639303913046e-16,
      "n_steps": 271
    },
    "q": {
      "final_grad_var": 6.999987700595511e-09,
      "min_grad_var": 2.4308910440140608e-09,
      "n_steps": 271,
      "min_circuit_grad_var": 4.650225449154277e-08,
      "final_circuit_grad_var": 5.242566771812562e-07,
      "h3_pass_relative": true,
      "h3_classical_reference_var": 4.1285466712004393e-10
    },
    "bypass": {
      "final_grad_var": 5.817852525069611e-06,
      "min_grad_var": 4.1285466712004393e-10,
      "n_steps": 271
    }
  }
}