{
  "timestamp": "2026-07-17T15:29:29",
  "git_hash": "8552c89899842578cb2b6e69d42600ba803a2bf4",
  "seed": 16,
  "config": {
    "data": {
      "name": "disease",
      "root": "data",
      "split": "ratio",
      "labels_per_class": 5,
      "split_seed": 0
    },
    "model": {
      "name": "nemaq",
      "hidden": 64,
      "dropout": 0.5,
      "geometry": "euclidean",
      "quantum_mode": "pqc",
      "n_qubits": 4,
      "q_depth": 2,
      "branch_dim": 64,
      "fused_dim": 64,
      "fusion_mode": "residual",
      "curvature": 1.0,
      "learnable_curvature": true,
      "shots": null,
      "gate_bias_init": -2.0
    },
    "train": {
      "lr": 0.05,
      "weight_decay": 0.0005,
      "epochs": 500,
      "patience": 200,
      "aux_weight": 0.3,
      "aux_anneal": true
    },
    "deterministic": true,
    "device": "cuda"
  },
  "env": {
    "python": "3.12.13",
    "torch": "2.11.0+cu128",
    "torch_geometric": "2.8.0",
    "geoopt": "0.5.1",
    "pennylane": "0.45.1",
    "numpy": "2.0.2"
  },
  "metrics": {
    "val_acc": 0.942307710647583,
    "test_acc": 0.9027113318443298,
    "test_macro_f1": 0.8287843857018152,
    "test_min_class_f1": 0.7162790697674418,
    "epochs_run": 240,
    "param_counts": {
      "total": 154182,
      "branch_geo": 68224,
      "branch_q": 4348,
      "branch_bypass": 68224
    }
  },
  "telemetry_summary": {
    "geo": {
      "final_grad_var": 2.6154951685355976e-13,
      "min_grad_var": 7.063915119889016e-15,
      "n_steps": 240
    },
    "q": {
      "final_grad_var": 1.0951251461222e-08,
      "min_grad_var": 8.453087119164593e-09,
      "n_steps": 240,
      "min_circuit_grad_var": 4.862139846295577e-08,
      "final_circuit_grad_var": 6.382363721968431e-07,
      "h3_pass_relative": true,
      "h3_classical_reference_var": 2.2566333246487602e-09
    },
    "bypass": {
      "final_grad_var": 7.17948410056124e-07,
      "min_grad_var": 2.2566333246487602e-09,
      "n_steps": 240
    }
  }
}