{
  "timestamp": "2026-07-17T13:52:49",
  "git_hash": "8552c89899842578cb2b6e69d42600ba803a2bf4",
  "seed": 18,
  "config": {
    "data": {
      "name": "cora",
      "root": "data",
      "split": "public",
      "labels_per_class": 5,
      "split_seed": 0
    },
    "model": {
      "name": "nemaq",
      "hidden": 64,
      "dropout": 0.5,
      "geometry": "hyperbolic",
      "quantum_mode": "pqc",
      "n_qubits": 4,
      "q_depth": 2,
      "branch_dim": 64,
      "fused_dim": 64,
      "fusion_mode": "residual",
      "curvature": 1.0,
      "learnable_curvature": true,
      "shots": null
    },
    "train": {
      "lr": 0.01,
      "weight_decay": 0.0005,
      "epochs": 500,
      "patience": 100,
      "aux_weight": 0.3,
      "aux_anneal": true
    },
    "deterministic": true,
    "device": "cuda"
  },
  "env": {
    "python": "3.12.13",
    "torch": "2.11.0+cu128",
    "torch_geometric": "2.8.0",
    "geoopt": "0.5.1",
    "pennylane": "0.45.1",
    "numpy": "2.0.2"
  },
  "metrics": {
    "val_acc": 0.7100000381469727,
    "test_acc": 0.6920000314712524,
    "test_macro_f1": 0.6703665478071431,
    "test_min_class_f1": 0.54,
    "epochs_run": 124,
    "param_counts": {
      "total": 216799,
      "branch_geo": 100097,
      "branch_q": 6080,
      "branch_bypass": 95936
    },
    "learned_curvature": 1.1106812953948975
  },
  "telemetry_summary": {
    "geo": {
      "final_grad_var": 1.784074243005307e-06,
      "min_grad_var": 3.250515412389632e-10,
      "n_steps": 124
    },
    "q": {
      "final_grad_var": 1.5473135306365293e-07,
      "min_grad_var": 1.1725734827550127e-09,
      "n_steps": 124,
      "min_circuit_grad_var": 2.2046554803978324e-08,
      "final_circuit_grad_var": 4.061329491378274e-06,
      "h3_pass_relative": true,
      "h3_classical_reference_var": 2.012031652398605e-09
    },
    "bypass": {
      "final_grad_var": 2.7270901981069073e-08,
      "min_grad_var": 2.012031652398605e-09,
      "n_steps": 124
    }
  }
}