{
  "timestamp": "2026-07-18T11:16:07",
  "git_hash": "369ebef41e018c586ccd1057124457a36999b56e",
  "seed": 18,
  "config": {
    "data": {
      "name": "cora",
      "root": "data",
      "split": "public",
      "labels_per_class": 5,
      "split_seed": 0
    },
    "model": {
      "name": "nemaq",
      "hidden": 64,
      "dropout": 0.5,
      "geometry": "hyperbolic",
      "quantum_mode": "pqc",
      "n_qubits": 4,
      "q_depth": 2,
      "branch_dim": 64,
      "fused_dim": 64,
      "fusion_mode": "residual",
      "curvature": 1.0,
      "learnable_curvature": true,
      "shots": null,
      "angle_norm": "std"
    },
    "train": {
      "lr": 0.01,
      "weight_decay": 0.0005,
      "epochs": 500,
      "patience": 100,
      "aux_weight": 0.3,
      "aux_anneal": true
    },
    "deterministic": true,
    "device": "cuda"
  },
  "env": {
    "python": "3.12.13",
    "torch": "2.11.0+cu128",
    "torch_geometric": "2.8.0",
    "geoopt": "0.5.1",
    "pennylane": "0.45.1",
    "numpy": "2.0.2"
  },
  "metrics": {
    "val_acc": 0.37400001287460327,
    "test_acc": 0.3930000066757202,
    "test_macro_f1": 0.4153132823299434,
    "test_min_class_f1": 0.29901960784313725,
    "epochs_run": 150,
    "param_counts": {
      "total": 216799,
      "branch_geo": 100097,
      "branch_q": 6080,
      "branch_bypass": 95936
    },
    "learned_curvature": 0.9242926836013794
  },
  "telemetry_summary": {
    "geo": {
      "final_grad_var": 7.33120998575032e-07,
      "min_grad_var": 4.198430214596982e-10,
      "n_steps": 150
    },
    "q": {
      "final_grad_var": 7.948016644832023e-08,
      "min_grad_var": 6.368163241177172e-08,
      "n_steps": 150,
      "min_circuit_grad_var": 1.4440041695706896e-07,
      "final_circuit_grad_var": 2.906691406678874e-06,
      "h3_pass_relative": true,
      "h3_classical_reference_var": 2.1006005823664964e-09
    },
    "bypass": {
      "final_grad_var": 7.64854313217711e-09,
      "min_grad_var": 2.1006005823664964e-09,
      "n_steps": 150
    }
  }
}