{
  "timestamp": "2026-07-18T10:41:41",
  "git_hash": "369ebef41e018c586ccd1057124457a36999b56e",
  "seed": 17,
  "config": {
    "data": {
      "name": "cora",
      "root": "data",
      "split": "low_label",
      "labels_per_class": 5,
      "split_seed": 0
    },
    "model": {
      "name": "nemaq",
      "hidden": 64,
      "dropout": 0.5,
      "geometry": "hyperbolic",
      "quantum_mode": "surrogate",
      "n_qubits": 4,
      "q_depth": 2,
      "branch_dim": 64,
      "fused_dim": 64,
      "fusion_mode": "residual",
      "curvature": 1.0,
      "learnable_curvature": true,
      "shots": null
    },
    "train": {
      "lr": 0.01,
      "weight_decay": 0.0005,
      "epochs": 500,
      "patience": 100,
      "aux_weight": 0.3,
      "aux_anneal": true
    },
    "deterministic": true,
    "device": "cuda"
  },
  "env": {
    "python": "3.12.13",
    "torch": "2.11.0+cu128",
    "torch_geometric": "2.8.0",
    "geoopt": "0.5.1",
    "pennylane": "0.45.1",
    "numpy": "2.0.2"
  },
  "metrics": {
    "val_acc": 0.6040000319480896,
    "test_acc": 0.5800000429153442,
    "test_macro_f1": 0.49967448765470557,
    "test_min_class_f1": 0.24719101123595505,
    "epochs_run": 108,
    "param_counts": {
      "total": 216797,
      "branch_geo": 100097,
      "branch_q": 6078,
      "branch_bypass": 95936
    },
    "learned_curvature": 1.0358411073684692
  },
  "telemetry_summary": {
    "geo": {
      "final_grad_var": 2.287272025114362e-07,
      "min_grad_var": 1.2875569499470885e-09,
      "n_steps": 108
    },
    "q": {
      "final_grad_var": 1.2902455104324417e-08,
      "min_grad_var": 2.476022498143493e-09,
      "n_steps": 108
    },
    "bypass": {
      "final_grad_var": 1.0505891268053347e-08,
      "min_grad_var": 6.462029578102602e-09,
      "n_steps": 108
    }
  }
}