{
  "h4": {
    "geo": 0.4425352665352666,
    "q": 0.3178930858930859
  },
  "randomization": {
    "spearman_orig_vs_randomized": -0.09063125145234559,
    "passes": true
  }
}