{
  "timestamp": "2026-07-17T14:18:46",
  "git_hash": "8552c89899842578cb2b6e69d42600ba803a2bf4",
  "seed": 16,
  "config": {
    "data": {
      "name": "pubmed",
      "root": "data",
      "split": "public",
      "labels_per_class": 5,
      "split_seed": 0
    },
    "model": {
      "name": "nemaq",
      "hidden": 64,
      "dropout": 0.5,
      "geometry": "hyperbolic",
      "quantum_mode": "pqc",
      "n_qubits": 4,
      "q_depth": 2,
      "branch_dim": 64,
      "fused_dim": 64,
      "fusion_mode": "residual",
      "curvature": 1.0,
      "learnable_curvature": true,
      "shots": null
    },
    "train": {
      "lr": 0.01,
      "weight_decay": 0.0005,
      "epochs": 500,
      "patience": 100,
      "aux_weight": 0.3,
      "aux_anneal": true
    },
    "deterministic": true,
    "device": "cuda"
  },
  "env": {
    "python": "3.12.13",
    "torch": "2.11.0+cu128",
    "torch_geometric": "2.8.0",
    "geoopt": "0.5.1",
    "pennylane": "0.45.1",
    "numpy": "2.0.2"
  },
  "metrics": {
    "val_acc": 0.8200000524520874,
    "test_acc": 0.7890000343322754,
    "test_macro_f1": 0.7815745917432642,
    "test_min_class_f1": 0.7514450867052023,
    "epochs_run": 302,
    "param_counts": {
      "total": 92603,
      "branch_geo": 40385,
      "branch_q": 2348,
      "branch_bypass": 36224
    },
    "learned_curvature": 1.168791651725769
  },
  "telemetry_summary": {
    "geo": {
      "final_grad_var": 1.028685403525742e-07,
      "min_grad_var": 1.0376514092413913e-09,
      "n_steps": 302
    },
    "q": {
      "final_grad_var": 7.184969064155666e-08,
      "min_grad_var": 1.0867401423197975e-09,
      "n_steps": 302,
      "min_circuit_grad_var": 1.3363999684656847e-08,
      "final_circuit_grad_var": 7.839360023353947e-07,
      "h3_pass_relative": true,
      "h3_classical_reference_var": 4.3525427706470055e-09
    },
    "bypass": {
      "final_grad_var": 9.213169782640307e-09,
      "min_grad_var": 4.3525427706470055e-09,
      "n_steps": 302
    }
  }
}