{
  "timestamp": "2026-07-17T15:08:46",
  "git_hash": "8552c89899842578cb2b6e69d42600ba803a2bf4",
  "seed": 18,
  "config": {
    "data": {
      "name": "pubmed",
      "root": "data",
      "split": "public",
      "labels_per_class": 5,
      "split_seed": 0
    },
    "model": {
      "name": "nemaq",
      "hidden": 64,
      "dropout": 0.5,
      "geometry": "euclidean",
      "quantum_mode": "pqc",
      "n_qubits": 4,
      "q_depth": 2,
      "branch_dim": 64,
      "fused_dim": 64,
      "fusion_mode": "residual",
      "curvature": 1.0,
      "learnable_curvature": true,
      "shots": null
    },
    "train": {
      "lr": 0.01,
      "weight_decay": 0.0005,
      "epochs": 500,
      "patience": 100,
      "aux_weight": 0.3,
      "aux_anneal": true
    },
    "deterministic": true,
    "device": "cuda"
  },
  "env": {
    "python": "3.12.13",
    "torch": "2.11.0+cu128",
    "torch_geometric": "2.8.0",
    "geoopt": "0.5.1",
    "pennylane": "0.45.1",
    "numpy": "2.0.2"
  },
  "metrics": {
    "val_acc": 0.7780000567436218,
    "test_acc": 0.7480000257492065,
    "test_macro_f1": 0.7540935640684495,
    "test_min_class_f1": 0.72544080604534,
    "epochs_run": 122,
    "param_counts": {
      "total": 88442,
      "branch_geo": 36224,
      "branch_q": 2348,
      "branch_bypass": 36224
    }
  },
  "telemetry_summary": {
    "geo": {
      "final_grad_var": 1.4629067379701155e-07,
      "min_grad_var": 2.2153251455492295e-10,
      "n_steps": 122
    },
    "q": {
      "final_grad_var": 2.692073586274546e-08,
      "min_grad_var": 7.794529466309541e-09,
      "n_steps": 122,
      "min_circuit_grad_var": 4.324110491893407e-08,
      "final_circuit_grad_var": 1.4347297110361978e-06,
      "h3_pass_relative": true,
      "h3_classical_reference_var": 9.793336808172626e-09
    },
    "bypass": {
      "final_grad_var": 1.2180747077650267e-08,
      "min_grad_var": 9.793336808172626e-09,
      "n_steps": 122
    }
  }
}