{
  "h4": {
    "geo": 0.9905925907859036,
    "q": -0.21151656389483908
  },
  "randomization": {
    "spearman_orig_vs_randomized": -0.5470254404221038,
    "passes": false
  }
}