{
  "timestamp": "2026-07-17T14:29:27",
  "git_hash": "8552c89899842578cb2b6e69d42600ba803a2bf4",
  "seed": 10,
  "config": {
    "data": {
      "name": "disease",
      "root": "data",
      "split": "ratio",
      "labels_per_class": 5,
      "split_seed": 0
    },
    "model": {
      "name": "nemaq",
      "hidden": 64,
      "dropout": 0.5,
      "geometry": "hyperbolic",
      "quantum_mode": "pqc",
      "n_qubits": 4,
      "q_depth": 2,
      "branch_dim": 64,
      "fused_dim": 64,
      "fusion_mode": "residual",
      "curvature": 1.0,
      "learnable_curvature": true,
      "shots": null,
      "gate_bias_init": -2.0
    },
    "train": {
      "lr": 0.05,
      "weight_decay": 0.0005,
      "epochs": 500,
      "patience": 200,
      "aux_weight": 0.3,
      "aux_anneal": true
    },
    "deterministic": true,
    "device": "cuda"
  },
  "env": {
    "python": "3.12.13",
    "torch": "2.11.0+cu128",
    "torch_geometric": "2.8.0",
    "geoopt": "0.5.1",
    "pennylane": "0.45.1",
    "numpy": "2.0.2"
  },
  "metrics": {
    "val_acc": 0.942307710647583,
    "test_acc": 0.9138755798339844,
    "test_macro_f1": 0.8572019029624132,
    "test_min_class_f1": 0.7672413793103449,
    "epochs_run": 328,
    "param_counts": {
      "total": 158343,
      "branch_geo": 72385,
      "branch_q": 4348,
      "branch_bypass": 68224
    },
    "learned_curvature": 1.87497878074646
  },
  "telemetry_summary": {
    "geo": {
      "final_grad_var": 1.499520234544971e-12,
      "min_grad_var": 6.393723983415256e-13,
      "n_steps": 328
    },
    "q": {
      "final_grad_var": 3.5206084714189956e-09,
      "min_grad_var": 6.677354502659938e-11,
      "n_steps": 328,
      "min_circuit_grad_var": 9.836688130704374e-10,
      "final_circuit_grad_var": 2.6935030206232113e-08,
      "h3_pass_relative": true,
      "h3_classical_reference_var": 1.6038753658520477e-11
    },
    "bypass": {
      "final_grad_var": 4.863047298186984e-09,
      "min_grad_var": 1.6038753658520477e-11,
      "n_steps": 328
    }
  }
}